"Years","Accumulation","District","Value"
"1981","JF","Chibuto",318.97
"1982","JF","Chibuto",193.67
"1983","JF","Chibuto",127.47
"1984","JF","Chibuto",302.07
"1985","JF","Chibuto",352.53
"1986","JF","Chibuto",142.88
"1987","JF","Chibuto",133.46
"1988","JF","Chibuto",131.07
"1989","JF","Chibuto",139.2
"1990","JF","Chibuto",265.4
"1991","JF","Chibuto",227.14
"1992","JF","Chibuto",116.91
"1993","JF","Chibuto",227.21
"1994","JF","Chibuto",201.4
"1995","JF","Chibuto",118.42
"1996","JF","Chibuto",384.38
"1997","JF","Chibuto",350.49
"1998","JF","Chibuto",270.33
"1999","JF","Chibuto",425.41
"2000","JF","Chibuto",618.97
"2001","JF","Chibuto",262.63
"2002","JF","Chibuto",62.47
"2003","JF","Chibuto",188.46
"2004","JF","Chibuto",259.81
"2005","JF","Chibuto",127.43
"2006","JF","Chibuto",233.38
"2007","JF","Chibuto",181.74
"2008","JF","Chibuto",118.13
"2009","JF","Chibuto",184.13
"2010","JF","Chibuto",163.04
"2011","JF","Chibuto",414.4
"2012","JF","Chibuto",129.74
"2013","JF","Chibuto",466.81
"2014","JF","Chibuto",180.51
"2015","JF","Chibuto",177.25
"2016","JF","Chibuto",88.29
"2017","JF","Chibuto",418.96
"2018","JF","Chibuto",253.8
"2019","JF","Chibuto",331.49
"2020","JF","Chibuto",272.17
"2021","JF","Chibuto",562.48
"1981","FM","Chibuto",276.72
"1982","FM","Chibuto",172.21
"1983","FM","Chibuto",80.37
"1984","FM","Chibuto",159.64
"1985","FM","Chibuto",219.8
"1986","FM","Chibuto",102.1
"1987","FM","Chibuto",126.77
"1988","FM","Chibuto",191.95
"1989","FM","Chibuto",165.28
"1990","FM","Chibuto",214.64
"1991","FM","Chibuto",274.12
"1992","FM","Chibuto",70.36
"1993","FM","Chibuto",291.56
"1994","FM","Chibuto",71.1
"1995","FM","Chibuto",150.5
"1996","FM","Chibuto",172.85
"1997","FM","Chibuto",235.49
"1998","FM","Chibuto",96.78
"1999","FM","Chibuto",327.84
"2000","FM","Chibuto",551.19
"2001","FM","Chibuto",335.61
"2002","FM","Chibuto",68.13
"2003","FM","Chibuto",217.43
"2004","FM","Chibuto",344.51
"2005","FM","Chibuto",125.91
"2006","FM","Chibuto",269.46
"2007","FM","Chibuto",176.79
"2008","FM","Chibuto",58.22
"2009","FM","Chibuto",133.29
"2010","FM","Chibuto",123.39
"2011","FM","Chibuto",80.15
"2012","FM","Chibuto",157.13
"2013","FM","Chibuto",101.36
"2014","FM","Chibuto",222.25
"2015","FM","Chibuto",188.52
"2016","FM","Chibuto",112.14
"2017","FM","Chibuto",240.69
"2018","FM","Chibuto",302.06
"2019","FM","Chibuto",267.23
"2020","FM","Chibuto",165.56
"2021","FM","Chibuto",344.9
"1981","MA","Chibuto",110.44
"1982","MA","Chibuto",89
"1983","MA","Chibuto",62.21
"1984","MA","Chibuto",134.46
"1985","MA","Chibuto",109.78
"1986","MA","Chibuto",111.98
"1987","MA","Chibuto",113
"1988","MA","Chibuto",152.17
"1989","MA","Chibuto",84.17
"1990","MA","Chibuto",139.72
"1991","MA","Chibuto",155.32
"1992","MA","Chibuto",41.85
"1993","MA","Chibuto",162.46
"1994","MA","Chibuto",61.27
"1995","MA","Chibuto",115.47
"1996","MA","Chibuto",129.54
"1997","MA","Chibuto",131.65
"1998","MA","Chibuto",48.83
"1999","MA","Chibuto",101.58
"2000","MA","Chibuto",287.65
"2001","MA","Chibuto",168.42
"2002","MA","Chibuto",74.01
"2003","MA","Chibuto",121.8
"2004","MA","Chibuto",268.88
"2005","MA","Chibuto",126.99
"2006","MA","Chibuto",243.28
"2007","MA","Chibuto",151.17
"2008","MA","Chibuto",60.63
"2009","MA","Chibuto",73.86
"2010","MA","Chibuto",154.47
"2011","MA","Chibuto",62.59
"2012","MA","Chibuto",118.83
"2013","MA","Chibuto",121.09
"2014","MA","Chibuto",210.58
"2015","MA","Chibuto",90.81
"2016","MA","Chibuto",92.04
"2017","MA","Chibuto",120.88
"2018","MA","Chibuto",100.93
"2019","MA","Chibuto",96.65
"2020","MA","Chibuto",79.28
"2021","MA","Chibuto",64.9
"1981","ON","Chibuto",185.95
"1982","ON","Chibuto",55.97
"1983","ON","Chibuto",98.33
"1984","ON","Chibuto",122.9
"1985","ON","Chibuto",131.47
"1986","ON","Chibuto",90.51
"1987","ON","Chibuto",55.92
"1988","ON","Chibuto",74.65
"1989","ON","Chibuto",164.45
"1990","ON","Chibuto",58.44
"1991","ON","Chibuto",57.47
"1992","ON","Chibuto",116.54
"1993","ON","Chibuto",142.93
"1994","ON","Chibuto",69.62
"1995","ON","Chibuto",87.94
"1996","ON","Chibuto",64.09
"1997","ON","Chibuto",102.64
"1998","ON","Chibuto",139.5
"1999","ON","Chibuto",161.92
"2000","ON","Chibuto",154.7
"2001","ON","Chibuto",157.4
"2002","ON","Chibuto",161.29
"2003","ON","Chibuto",125.95
"2004","ON","Chibuto",117.6
"2005","ON","Chibuto",99.23
"2006","ON","Chibuto",87.37
"2007","ON","Chibuto",112.2
"2008","ON","Chibuto",92.91
"2009","ON","Chibuto",91.57
"2010","ON","Chibuto",92.88
"2011","ON","Chibuto",107.25
"2012","ON","Chibuto",126.28
"2013","ON","Chibuto",104.71
"2014","ON","Chibuto",48.03
"2015","ON","Chibuto",83.17
"2016","ON","Chibuto",80.93
"2017","ON","Chibuto",71.63
"2018","ON","Chibuto",65
"2019","ON","Chibuto",98.39
"2020","ON","Chibuto",103.12
"1981","ND","Chibuto",200.88
"1982","ND","Chibuto",103.54
"1983","ND","Chibuto",154.81
"1984","ND","Chibuto",175.37
"1985","ND","Chibuto",173.97
"1986","ND","Chibuto",150.17
"1987","ND","Chibuto",189.81
"1988","ND","Chibuto",67.05
"1989","ND","Chibuto",261.39
"1990","ND","Chibuto",169.95
"1991","ND","Chibuto",83.36
"1992","ND","Chibuto",289.96
"1993","ND","Chibuto",207.31
"1994","ND","Chibuto",178.64
"1995","ND","Chibuto",141.13
"1996","ND","Chibuto",92.06
"1997","ND","Chibuto",138.21
"1998","ND","Chibuto",340.3
"1999","ND","Chibuto",177.96
"2000","ND","Chibuto",189.3
"2001","ND","Chibuto",343.22
"2002","ND","Chibuto",151.74
"2003","ND","Chibuto",98.54
"2004","ND","Chibuto",123.25
"2005","ND","Chibuto",198.3
"2006","ND","Chibuto",205.09
"2007","ND","Chibuto",284.91
"2008","ND","Chibuto",211.28
"2009","ND","Chibuto",105.3
"2010","ND","Chibuto",219.09
"2011","ND","Chibuto",147.2
"2012","ND","Chibuto",143.56
"2013","ND","Chibuto",180.44
"2014","ND","Chibuto",169.75
"2015","ND","Chibuto",91.88
"2016","ND","Chibuto",242.7
"2017","ND","Chibuto",84.89
"2018","ND","Chibuto",120.99
"2019","ND","Chibuto",93.43
"2020","ND","Chibuto",194.32
"1982","DJ","Chibuto",130.21
"1983","DJ","Chibuto",156.1
"1984","DJ","Chibuto",312.68
"1985","DJ","Chibuto",298.35
"1986","DJ","Chibuto",187.92
"1987","DJ","Chibuto",189.08
"1988","DJ","Chibuto",202.91
"1989","DJ","Chibuto",58.24
"1990","DJ","Chibuto",287.58
"1991","DJ","Chibuto",205.11
"1992","DJ","Chibuto",111.17
"1993","DJ","Chibuto",235.83
"1994","DJ","Chibuto",246.69
"1995","DJ","Chibuto",161.55
"1996","DJ","Chibuto",357.5
"1997","DJ","Chibuto",265.15
"1998","DJ","Chibuto",272.86
"1999","DJ","Chibuto",404.6
"2000","DJ","Chibuto",359.46
"2001","DJ","Chibuto",103.76
"2002","DJ","Chibuto",242.82
"2003","DJ","Chibuto",96.24
"2004","DJ","Chibuto",168.93
"2005","DJ","Chibuto",140.11
"2006","DJ","Chibuto",279.11
"2007","DJ","Chibuto",203.35
"2008","DJ","Chibuto",288.82
"2009","DJ","Chibuto",240.55
"2010","DJ","Chibuto",122.33
"2011","DJ","Chibuto",503.75
"2012","DJ","Chibuto",153
"2013","DJ","Chibuto",524.01
"2014","DJ","Chibuto",257.85
"2015","DJ","Chibuto",194.85
"2016","DJ","Chibuto",75.68
"2017","DJ","Chibuto",444.17
"2018","DJ","Chibuto",67.24
"2019","DJ","Chibuto",204.51
"2020","DJ","Chibuto",184.27
"2021","DJ","Chibuto",388.94
"1981","JF","Guija",283.27
"1982","JF","Guija",155.04
"1983","JF","Guija",133.73
"1984","JF","Guija",260.09
"1985","JF","Guija",295.32
"1986","JF","Guija",185.04
"1987","JF","Guija",115.51
"1988","JF","Guija",123.78
"1989","JF","Guija",129.14
"1990","JF","Guija",256.05
"1991","JF","Guija",198.37
"1992","JF","Guija",118.53
"1993","JF","Guija",205.3
"1994","JF","Guija",187.87
"1995","JF","Guija",107.65
"1996","JF","Guija",367.37
"1997","JF","Guija",305.9
"1998","JF","Guija",258.59
"1999","JF","Guija",374.2
"2000","JF","Guija",597.12
"2001","JF","Guija",245.01
"2002","JF","Guija",58.5
"2003","JF","Guija",195.05
"2004","JF","Guija",247.05
"2005","JF","Guija",130.27
"2006","JF","Guija",232.55
"2007","JF","Guija",113.61
"2008","JF","Guija",99.91
"2009","JF","Guija",182.65
"2010","JF","Guija",155.22
"2011","JF","Guija",330.02
"2012","JF","Guija",124.21
"2013","JF","Guija",437.12
"2014","JF","Guija",167.37
"2015","JF","Guija",149.63
"2016","JF","Guija",100.11
"2017","JF","Guija",379.88
"2018","JF","Guija",256.51
"2019","JF","Guija",315.49
"2020","JF","Guija",268.07
"2021","JF","Guija",516.93
"1981","FM","Guija",251.36
"1982","FM","Guija",136.07
"1983","FM","Guija",86.89
"1984","FM","Guija",147.24
"1985","FM","Guija",231.24
"1986","FM","Guija",90.59
"1987","FM","Guija",104.22
"1988","FM","Guija",155.51
"1989","FM","Guija",162.69
"1990","FM","Guija",184.32
"1991","FM","Guija",232.48
"1992","FM","Guija",59.63
"1993","FM","Guija",268.16
"1994","FM","Guija",75.09
"1995","FM","Guija",137.82
"1996","FM","Guija",178.88
"1997","FM","Guija",226.07
"1998","FM","Guija",77.1
"1999","FM","Guija",295.91
"2000","FM","Guija",540.87
"2001","FM","Guija",288.84
"2002","FM","Guija",66.79
"2003","FM","Guija",223.29
"2004","FM","Guija",328.7
"2005","FM","Guija",123.78
"2006","FM","Guija",265.66
"2007","FM","Guija",133.7
"2008","FM","Guija",66.02
"2009","FM","Guija",118.74
"2010","FM","Guija",100.78
"2011","FM","Guija",76.38
"2012","FM","Guija",131.8
"2013","FM","Guija",78.4
"2014","FM","Guija",236.98
"2015","FM","Guija",149.71
"2016","FM","Guija",125.39
"2017","FM","Guija",217.16
"2018","FM","Guija",315.62
"2019","FM","Guija",281.25
"2020","FM","Guija",161.72
"2021","FM","Guija",312.24
"1981","MA","Guija",94.29
"1982","MA","Guija",80.4
"1983","MA","Guija",68.01
"1984","MA","Guija",133.28
"1985","MA","Guija",121.64
"1986","MA","Guija",113.14
"1987","MA","Guija",96.83
"1988","MA","Guija",97.57
"1989","MA","Guija",80.78
"1990","MA","Guija",116.24
"1991","MA","Guija",164.03
"1992","MA","Guija",42.2
"1993","MA","Guija",141.45
"1994","MA","Guija",68.16
"1995","MA","Guija",101.68
"1996","MA","Guija",140.44
"1997","MA","Guija",126.97
"1998","MA","Guija",39.63
"1999","MA","Guija",87.72
"2000","MA","Guija",271.95
"2001","MA","Guija",143.95
"2002","MA","Guija",68.34
"2003","MA","Guija",113.09
"2004","MA","Guija",258.92
"2005","MA","Guija",113.03
"2006","MA","Guija",225.06
"2007","MA","Guija",128.31
"2008","MA","Guija",68.08
"2009","MA","Guija",66.49
"2010","MA","Guija",135.55
"2011","MA","Guija",72.16
"2012","MA","Guija",95.11
"2013","MA","Guija",107.73
"2014","MA","Guija",222.93
"2015","MA","Guija",85.43
"2016","MA","Guija",103.8
"2017","MA","Guija",91.96
"2018","MA","Guija",107.14
"2019","MA","Guija",90.7
"2020","MA","Guija",69.65
"2021","MA","Guija",62.33
"1981","ON","Guija",200.16
"1982","ON","Guija",55.81
"1983","ON","Guija",99.42
"1984","ON","Guija",132.32
"1985","ON","Guija",138.39
"1986","ON","Guija",71.97
"1987","ON","Guija",61.47
"1988","ON","Guija",68.18
"1989","ON","Guija",147.77
"1990","ON","Guija",56.52
"1991","ON","Guija",61.74
"1992","ON","Guija",117.47
"1993","ON","Guija",133.38
"1994","ON","Guija",76.37
"1995","ON","Guija",96.77
"1996","ON","Guija",56.41
"1997","ON","Guija",107.9
"1998","ON","Guija",119.65
"1999","ON","Guija",164.06
"2000","ON","Guija",165.02
"2001","ON","Guija",161.89
"2002","ON","Guija",152.81
"2003","ON","Guija",123.59
"2004","ON","Guija",126.96
"2005","ON","Guija",98.48
"2006","ON","Guija",88.03
"2007","ON","Guija",100.35
"2008","ON","Guija",102.18
"2009","ON","Guija",96.32
"2010","ON","Guija",104.6
"2011","ON","Guija",116.3
"2012","ON","Guija",127.52
"2013","ON","Guija",106.91
"2014","ON","Guija",57.8
"2015","ON","Guija",81.5
"2016","ON","Guija",88.63
"2017","ON","Guija",74.05
"2018","ON","Guija",68.32
"2019","ON","Guija",105.93
"2020","ON","Guija",107.53
"1981","ND","Guija",236.43
"1982","ND","Guija",104.69
"1983","ND","Guija",149.15
"1984","ND","Guija",175.61
"1985","ND","Guija",164.36
"1986","ND","Guija",111.05
"1987","ND","Guija",180.23
"1988","ND","Guija",66.98
"1989","ND","Guija",236.39
"1990","ND","Guija",176.17
"1991","ND","Guija",81.36
"1992","ND","Guija",301.1
"1993","ND","Guija",217.95
"1994","ND","Guija",187.93
"1995","ND","Guija",149.85
"1996","ND","Guija",62.8
"1997","ND","Guija",149.32
"1998","ND","Guija",311.4
"1999","ND","Guija",186.22
"2000","ND","Guija",204.6
"2001","ND","Guija",339.75
"2002","ND","Guija",149.09
"2003","ND","Guija",103.04
"2004","ND","Guija",117.26
"2005","ND","Guija",179.25
"2006","ND","Guija",197.03
"2007","ND","Guija",252.78
"2008","ND","Guija",226.27
"2009","ND","Guija",113.93
"2010","ND","Guija",228.18
"2011","ND","Guija",135.14
"2012","ND","Guija",148.37
"2013","ND","Guija",186.44
"2014","ND","Guija",169.32
"2015","ND","Guija",94.37
"2016","ND","Guija",254.22
"2017","ND","Guija",81.62
"2018","ND","Guija",134.92
"2019","ND","Guija",90.15
"2020","ND","Guija",166.76
"1982","DJ","Guija",137.93
"1983","DJ","Guija",162.36
"1984","DJ","Guija",280.39
"1985","DJ","Guija",231.33
"1986","DJ","Guija",221.38
"1987","DJ","Guija",151.69
"1988","DJ","Guija",174.51
"1989","DJ","Guija",49.78
"1990","DJ","Guija",279.07
"1991","DJ","Guija",240.64
"1992","DJ","Guija",122.22
"1993","DJ","Guija",232.37
"1994","DJ","Guija",259.28
"1995","DJ","Guija",168.27
"1996","DJ","Guija",350.77
"1997","DJ","Guija",207.26
"1998","DJ","Guija",276.95
"1999","DJ","Guija",360.81
"2000","DJ","Guija",336.81
"2001","DJ","Guija",110.9
"2002","DJ","Guija",231.02
"2003","DJ","Guija",92.09
"2004","DJ","Guija",166.39
"2005","DJ","Guija",123.15
"2006","DJ","Guija",251.77
"2007","DJ","Guija",161.5
"2008","DJ","Guija",250.4
"2009","DJ","Guija",249.54
"2010","DJ","Guija",127.74
"2011","DJ","Guija",430.45
"2012","DJ","Guija",137.5
"2013","DJ","Guija",500.98
"2014","DJ","Guija",249.36
"2015","DJ","Guija",191.97
"2016","DJ","Guija",87.97
"2017","DJ","Guija",408.62
"2018","DJ","Guija",54.4
"2019","DJ","Guija",183.25
"2020","DJ","Guija",157.48
"2021","DJ","Guija",351.16
"1981","JF","Changara",323.66
"1982","JF","Changara",411.94
"1983","JF","Changara",171.88
"1984","JF","Changara",280.77
"1985","JF","Changara",393.9
"1986","JF","Changara",427.22
"1987","JF","Changara",233.95
"1988","JF","Changara",380.48
"1989","JF","Changara",520.53
"1990","JF","Changara",400.48
"1991","JF","Changara",347.72
"1992","JF","Changara",96.89
"1993","JF","Changara",402.83
"1994","JF","Changara",206.82
"1995","JF","Changara",264.28
"1996","JF","Changara",403.99
"1997","JF","Changara",767.64
"1998","JF","Changara",363.22
"1999","JF","Changara",591.98
"2000","JF","Changara",512.42
"2001","JF","Changara",551.26
"2002","JF","Changara",204.74
"2003","JF","Changara",352.63
"2004","JF","Changara",371.37
"2005","JF","Changara",231.24
"2006","JF","Changara",329.62
"2007","JF","Changara",456.62
"2008","JF","Changara",289.74
"2009","JF","Changara",350.93
"2010","JF","Changara",443.68
"2011","JF","Changara",348.68
"2012","JF","Changara",362.53
"2013","JF","Changara",336.19
"2014","JF","Changara",463.65
"2015","JF","Changara",393.33
"2016","JF","Changara",165.14
"2017","JF","Changara",541.86
"2018","JF","Changara",415.17
"2019","JF","Changara",446.95
"2020","JF","Changara",401.36
"2021","JF","Changara",418.29
"1981","FM","Changara",256.19
"1982","FM","Changara",278.69
"1983","FM","Changara",167.06
"1984","FM","Changara",311.54
"1985","FM","Changara",310.74
"1986","FM","Changara",204.1
"1987","FM","Changara",65.35
"1988","FM","Changara",309.15
"1989","FM","Changara",340.72
"1990","FM","Changara",126.73
"1991","FM","Changara",270.51
"1992","FM","Changara",71.43
"1993","FM","Changara",231.53
"1994","FM","Changara",74.87
"1995","FM","Changara",71.96
"1996","FM","Changara",261.15
"1997","FM","Changara",528.6
"1998","FM","Changara",140.7
"1999","FM","Changara",288.39
"2000","FM","Changara",355.66
"2001","FM","Changara",570.83
"2002","FM","Changara",107.27
"2003","FM","Changara",293.21
"2004","FM","Changara",242.7
"2005","FM","Changara",51.37
"2006","FM","Changara",230.73
"2007","FM","Changara",238.98
"2008","FM","Changara",63.23
"2009","FM","Changara",149.73
"2010","FM","Changara",353.19
"2011","FM","Changara",70.46
"2012","FM","Changara",191.54
"2013","FM","Changara",108.22
"2014","FM","Changara",232.81
"2015","FM","Changara",157.03
"2016","FM","Changara",132.96
"2017","FM","Changara",305.56
"2018","FM","Changara",426.28
"2019","FM","Changara",219.52
"2020","FM","Changara",183.93
"2021","FM","Changara",199.8
"1981","MA","Changara",65.97
"1982","MA","Changara",34.85
"1983","MA","Changara",56.09
"1984","MA","Changara",112.85
"1985","MA","Changara",143.72
"1986","MA","Changara",47.82
"1987","MA","Changara",31.31
"1988","MA","Changara",134.55
"1989","MA","Changara",65.06
"1990","MA","Changara",29.67
"1991","MA","Changara",64.63
"1992","MA","Changara",71.2
"1993","MA","Changara",46.77
"1994","MA","Changara",26.41
"1995","MA","Changara",20.86
"1996","MA","Changara",52.64
"1997","MA","Changara",90.67
"1998","MA","Changara",43.78
"1999","MA","Changara",51.93
"2000","MA","Changara",110.67
"2001","MA","Changara",184.72
"2002","MA","Changara",57.84
"2003","MA","Changara",149.05
"2004","MA","Changara",90.7
"2005","MA","Changara",20.02
"2006","MA","Changara",103.48
"2007","MA","Changara",57.42
"2008","MA","Changara",46.59
"2009","MA","Changara",86.42
"2010","MA","Changara",30.18
"2011","MA","Changara",69.83
"2012","MA","Changara",87.44
"2013","MA","Changara",30.81
"2014","MA","Changara",31.14
"2015","MA","Changara",46.8
"2016","MA","Changara",87.52
"2017","MA","Changara",113.57
"2018","MA","Changara",71.32
"2019","MA","Changara",89.33
"2020","MA","Changara",21.96
"2021","MA","Changara",71.97
"1981","ON","Changara",56.25
"1982","ON","Changara",50.42
"1983","ON","Changara",29.9
"1984","ON","Changara",42.75
"1985","ON","Changara",85.53
"1986","ON","Changara",74.59
"1987","ON","Changara",36.99
"1988","ON","Changara",73.28
"1989","ON","Changara",75.63
"1990","ON","Changara",53.48
"1991","ON","Changara",62.55
"1992","ON","Changara",48.34
"1993","ON","Changara",87.67
"1994","ON","Changara",28.35
"1995","ON","Changara",34.13
"1996","ON","Changara",55.74
"1997","ON","Changara",88.22
"1998","ON","Changara",66.8
"1999","ON","Changara",48.8
"2000","ON","Changara",116.24
"2001","ON","Changara",51.63
"2002","ON","Changara",47.38
"2003","ON","Changara",18.32
"2004","ON","Changara",77.67
"2005","ON","Changara",57.61
"2006","ON","Changara",79.05
"2007","ON","Changara",66.26
"2008","ON","Changara",15.59
"2009","ON","Changara",42.62
"2010","ON","Changara",45.68
"2011","ON","Changara",62.63
"2012","ON","Changara",23.93
"2013","ON","Changara",42.69
"2014","ON","Changara",8.13
"2015","ON","Changara",26.63
"2016","ON","Changara",60.18
"2017","ON","Changara",75.26
"2018","ON","Changara",61.99
"2019","ON","Changara",64.82
"2020","ON","Changara",38.49
"1981","ND","Changara",159.76
"1982","ND","Changara",149.52
"1983","ND","Changara",189.1
"1984","ND","Changara",244.47
"1985","ND","Changara",349.44
"1986","ND","Changara",200.86
"1987","ND","Changara",179.06
"1988","ND","Changara",115.28
"1989","ND","Changara",288.6
"1990","ND","Changara",159.55
"1991","ND","Changara",128.76
"1992","ND","Changara",191.2
"1993","ND","Changara",171.22
"1994","ND","Changara",167.49
"1995","ND","Changara",294.64
"1996","ND","Changara",226.64
"1997","ND","Changara",257.81
"1998","ND","Changara",329.28
"1999","ND","Changara",97.73
"2000","ND","Changara",242.84
"2001","ND","Changara",285.05
"2002","ND","Changara",144.83
"2003","ND","Changara",134.93
"2004","ND","Changara",338.17
"2005","ND","Changara",304.9
"2006","ND","Changara",213.2
"2007","ND","Changara",353.97
"2008","ND","Changara",146.53
"2009","ND","Changara",236.23
"2010","ND","Changara",217.05
"2011","ND","Changara",187.95
"2012","ND","Changara",190.6
"2013","ND","Changara",155.07
"2014","ND","Changara",272.13
"2015","ND","Changara",136.48
"2016","ND","Changara",237.38
"2017","ND","Changara",176.61
"2018","ND","Changara",221.42
"2019","ND","Changara",132.64
"2020","ND","Changara",249.7
"1982","DJ","Changara",272.29
"1983","DJ","Changara",173.06
"1984","DJ","Changara",243.53
"1985","DJ","Changara",423.48
"1986","DJ","Changara",519.88
"1987","DJ","Changara",343.48
"1988","DJ","Changara",344.76
"1989","DJ","Changara",308.22
"1990","DJ","Changara",515.18
"1991","DJ","Changara",235.08
"1992","DJ","Changara",160.28
"1993","DJ","Changara",344.85
"1994","DJ","Changara",241.11
"1995","DJ","Changara",367.77
"1996","DJ","Changara",460.53
"1997","DJ","Changara",484.25
"1998","DJ","Changara",445.39
"1999","DJ","Changara",609.14
"2000","DJ","Changara",310.63
"2001","DJ","Changara",297.64
"2002","DJ","Changara",381.65
"2003","DJ","Changara",307.55
"2004","DJ","Changara",330.54
"2005","DJ","Changara",464.82
"2006","DJ","Changara",447.57
"2007","DJ","Changara",398.61
"2008","DJ","Changara",560.69
"2009","DJ","Changara",412.61
"2010","DJ","Changara",303.68
"2011","DJ","Changara",506.19
"2012","DJ","Changara",373.82
"2013","DJ","Changara",421.76
"2014","DJ","Changara",374.42
"2015","DJ","Changara",539.41
"2016","DJ","Changara",221.57
"2017","DJ","Changara",515.75
"2018","DJ","Changara",151.17
"2019","DJ","Changara",465.17
"2020","DJ","Changara",302.83
"2021","DJ","Changara",502.87
"1981","JF","Marara",291.87
"1982","JF","Marara",421.91
"1983","JF","Marara",189.96
"1984","JF","Marara",293.88
"1985","JF","Marara",300.56
"1986","JF","Marara",404.29
"1987","JF","Marara",252.55
"1988","JF","Marara",367.1
"1989","JF","Marara",528.83
"1990","JF","Marara",387.81
"1991","JF","Marara",390.07
"1992","JF","Marara",107.44
"1993","JF","Marara",350.65
"1994","JF","Marara",195.14
"1995","JF","Marara",301.89
"1996","JF","Marara",420.14
"1997","JF","Marara",776.19
"1998","JF","Marara",361
"1999","JF","Marara",547.57
"2000","JF","Marara",480.09
"2001","JF","Marara",568.56
"2002","JF","Marara",218.17
"2003","JF","Marara",370.22
"2004","JF","Marara",352.12
"2005","JF","Marara",237.47
"2006","JF","Marara",356.17
"2007","JF","Marara",397.21
"2008","JF","Marara",267.83
"2009","JF","Marara",333.87
"2010","JF","Marara",490.21
"2011","JF","Marara",313.57
"2012","JF","Marara",371.15
"2013","JF","Marara",326.55
"2014","JF","Marara",426.15
"2015","JF","Marara",461.16
"2016","JF","Marara",166.24
"2017","JF","Marara",580.11
"2018","JF","Marara",345.24
"2019","JF","Marara",450.63
"2020","JF","Marara",378.09
"2021","JF","Marara",417.22
"1981","FM","Marara",250.73
"1982","FM","Marara",274.87
"1983","FM","Marara",180.1
"1984","FM","Marara",321.32
"1985","FM","Marara",263.64
"1986","FM","Marara",201.79
"1987","FM","Marara",61.97
"1988","FM","Marara",336.79
"1989","FM","Marara",413.45
"1990","FM","Marara",99.92
"1991","FM","Marara",294.22
"1992","FM","Marara",72.09
"1993","FM","Marara",162.36
"1994","FM","Marara",75.28
"1995","FM","Marara",79.64
"1996","FM","Marara",295.31
"1997","FM","Marara",555.69
"1998","FM","Marara",144.23
"1999","FM","Marara",286.54
"2000","FM","Marara",361.62
"2001","FM","Marara",604.08
"2002","FM","Marara",118.08
"2003","FM","Marara",299.87
"2004","FM","Marara",215.65
"2005","FM","Marara",43.4
"2006","FM","Marara",246.86
"2007","FM","Marara",216
"2008","FM","Marara",55.34
"2009","FM","Marara",164.55
"2010","FM","Marara",400.46
"2011","FM","Marara",60.49
"2012","FM","Marara",196.5
"2013","FM","Marara",93.22
"2014","FM","Marara",231.76
"2015","FM","Marara",166.44
"2016","FM","Marara",138.95
"2017","FM","Marara",353.1
"2018","FM","Marara",349.76
"2019","FM","Marara",237.69
"2020","FM","Marara",174.57
"2021","FM","Marara",197.87
"1981","MA","Marara",65.23
"1982","MA","Marara",27.27
"1983","MA","Marara",57.24
"1984","MA","Marara",105.25
"1985","MA","Marara",145.43
"1986","MA","Marara",61.34
"1987","MA","Marara",28.14
"1988","MA","Marara",139.99
"1989","MA","Marara",118.98
"1990","MA","Marara",16.19
"1991","MA","Marara",68.27
"1992","MA","Marara",67.87
"1993","MA","Marara",41.6
"1994","MA","Marara",27.62
"1995","MA","Marara",22.42
"1996","MA","Marara",46
"1997","MA","Marara",104.17
"1998","MA","Marara",51.85
"1999","MA","Marara",65.1
"2000","MA","Marara",112.37
"2001","MA","Marara",192.5
"2002","MA","Marara",55.66
"2003","MA","Marara",140.98
"2004","MA","Marara",92.33
"2005","MA","Marara",12.61
"2006","MA","Marara",111.62
"2007","MA","Marara",80.37
"2008","MA","Marara",40.99
"2009","MA","Marara",92.41
"2010","MA","Marara",26.37
"2011","MA","Marara",66.68
"2012","MA","Marara",99.53
"2013","MA","Marara",28.04
"2014","MA","Marara",36.68
"2015","MA","Marara",43.12
"2016","MA","Marara",89.5
"2017","MA","Marara",112.5
"2018","MA","Marara",69.62
"2019","MA","Marara",90.34
"2020","MA","Marara",16.33
"2021","MA","Marara",70.12
"1981","ON","Marara",40.8
"1982","ON","Marara",47.17
"1983","ON","Marara",27.53
"1984","ON","Marara",30.21
"1985","ON","Marara",105.29
"1986","ON","Marara",74.19
"1987","ON","Marara",28.82
"1988","ON","Marara",68.09
"1989","ON","Marara",70.45
"1990","ON","Marara",46.98
"1991","ON","Marara",71.32
"1992","ON","Marara",68.16
"1993","ON","Marara",91.73
"1994","ON","Marara",26.5
"1995","ON","Marara",44.48
"1996","ON","Marara",56.79
"1997","ON","Marara",93.5
"1998","ON","Marara",49.13
"1999","ON","Marara",45.44
"2000","ON","Marara",125.83
"2001","ON","Marara",53.88
"2002","ON","Marara",48.83
"2003","ON","Marara",13.68
"2004","ON","Marara",79.25
"2005","ON","Marara",53.38
"2006","ON","Marara",68.8
"2007","ON","Marara",53.64
"2008","ON","Marara",12.31
"2009","ON","Marara",53.81
"2010","ON","Marara",37.18
"2011","ON","Marara",54.89
"2012","ON","Marara",22.62
"2013","ON","Marara",37.27
"2014","ON","Marara",10.28
"2015","ON","Marara",33.85
"2016","ON","Marara",77.12
"2017","ON","Marara",76.54
"2018","ON","Marara",77.53
"2019","ON","Marara",74.37
"2020","ON","Marara",40.78
"1981","ND","Marara",144.74
"1982","ND","Marara",138.06
"1983","ND","Marara",155.92
"1984","ND","Marara",211.41
"1985","ND","Marara",359.15
"1986","ND","Marara",194.19
"1987","ND","Marara",160.26
"1988","ND","Marara",104.75
"1989","ND","Marara",223.86
"1990","ND","Marara",147.48
"1991","ND","Marara",125.67
"1992","ND","Marara",212.5
"1993","ND","Marara",182.09
"1994","ND","Marara",145.09
"1995","ND","Marara",293.39
"1996","ND","Marara",239.65
"1997","ND","Marara",249.12
"1998","ND","Marara",259.5
"1999","ND","Marara",98.59
"2000","ND","Marara",243.4
"2001","ND","Marara",227.26
"2002","ND","Marara",145.13
"2003","ND","Marara",134.19
"2004","ND","Marara",321.79
"2005","ND","Marara",269.4
"2006","ND","Marara",211.49
"2007","ND","Marara",298.87
"2008","ND","Marara",128.56
"2009","ND","Marara",276.4
"2010","ND","Marara",220.23
"2011","ND","Marara",191.28
"2012","ND","Marara",173.58
"2013","ND","Marara",155.59
"2014","ND","Marara",246.64
"2015","ND","Marara",140.6
"2016","ND","Marara",225.58
"2017","ND","Marara",183.73
"2018","ND","Marara",238.76
"2019","ND","Marara",147.14
"2020","ND","Marara",242.46
"1982","DJ","Marara",278.73
"1983","DJ","Marara",168.5
"1984","DJ","Marara",209.3
"1985","DJ","Marara",358.89
"1986","DJ","Marara",506.94
"1987","DJ","Marara",357.05
"1988","DJ","Marara",303.49
"1989","DJ","Marara",291.64
"1990","DJ","Marara",459.71
"1991","DJ","Marara",250.6
"1992","DJ","Marara",160
"1993","DJ","Marara",361.1
"1994","DJ","Marara",239.48
"1995","DJ","Marara",379.77
"1996","DJ","Marara",429.28
"1997","DJ","Marara",489.38
"1998","DJ","Marara",436.5
"1999","DJ","Marara",527.3
"2000","DJ","Marara",279.29
"2001","DJ","Marara",282.93
"2002","DJ","Marara",329.68
"2003","DJ","Marara",310.21
"2004","DJ","Marara",344.77
"2005","DJ","Marara",456.52
"2006","DJ","Marara",434.89
"2007","DJ","Marara",386.46
"2008","DJ","Marara",500.51
"2009","DJ","Marara",371.99
"2010","DJ","Marara",330.35
"2011","DJ","Marara",485.67
"2012","DJ","Marara",398.87
"2013","DJ","Marara",403.7
"2014","DJ","Marara",349.05
"2015","DJ","Marara",567.06
"2016","DJ","Marara",218.2
"2017","DJ","Marara",483.09
"2018","DJ","Marara",162.76
"2019","DJ","Marara",456.65
"2020","DJ","Marara",292.06
"2021","DJ","Marara",493.03
"1981","JF","Macossa",370.37
"1982","JF","Macossa",459.88
"1983","JF","Macossa",210.31
"1984","JF","Macossa",265.31
"1985","JF","Macossa",499.93
"1986","JF","Macossa",494.75
"1987","JF","Macossa",261.52
"1988","JF","Macossa",415.13
"1989","JF","Macossa",508.65
"1990","JF","Macossa",420.49
"1991","JF","Macossa",266
"1992","JF","Macossa",115.13
"1993","JF","Macossa",416.54
"1994","JF","Macossa",341.91
"1995","JF","Macossa",227.27
"1996","JF","Macossa",509.53
"1997","JF","Macossa",837.48
"1998","JF","Macossa",465.31
"1999","JF","Macossa",632.86
"2000","JF","Macossa",541.94
"2001","JF","Macossa",623.84
"2002","JF","Macossa",180.82
"2003","JF","Macossa",261.99
"2004","JF","Macossa",394.63
"2005","JF","Macossa",248.13
"2006","JF","Macossa",322.62
"2007","JF","Macossa",489.62
"2008","JF","Macossa",387.99
"2009","JF","Macossa",359.3
"2010","JF","Macossa",305.53
"2011","JF","Macossa",488.66
"2012","JF","Macossa",296.75
"2013","JF","Macossa",384.68
"2014","JF","Macossa",456.9
"2015","JF","Macossa",263.32
"2016","JF","Macossa",175.29
"2017","JF","Macossa",517.79
"2018","JF","Macossa",428.92
"2019","JF","Macossa",573.86
"2020","JF","Macossa",432.73
"2021","JF","Macossa",530.49
"1981","FM","Macossa",304.26
"1982","FM","Macossa",289.63
"1983","FM","Macossa",232.2
"1984","FM","Macossa",339.45
"1985","FM","Macossa",350.55
"1986","FM","Macossa",230.33
"1987","FM","Macossa",107.89
"1988","FM","Macossa",435.97
"1989","FM","Macossa",377.03
"1990","FM","Macossa",229.18
"1991","FM","Macossa",267.23
"1992","FM","Macossa",106.95
"1993","FM","Macossa",242.13
"1994","FM","Macossa",157.24
"1995","FM","Macossa",86.58
"1996","FM","Macossa",255.4
"1997","FM","Macossa",506.78
"1998","FM","Macossa",216.81
"1999","FM","Macossa",343.13
"2000","FM","Macossa",432.35
"2001","FM","Macossa",652.08
"2002","FM","Macossa",145.44
"2003","FM","Macossa",314.16
"2004","FM","Macossa",362.75
"2005","FM","Macossa",100.77
"2006","FM","Macossa",275
"2007","FM","Macossa",238.29
"2008","FM","Macossa",137.25
"2009","FM","Macossa",229.09
"2010","FM","Macossa",245.33
"2011","FM","Macossa",114.41
"2012","FM","Macossa",216.72
"2013","FM","Macossa",177.33
"2014","FM","Macossa",235.96
"2015","FM","Macossa",201.65
"2016","FM","Macossa",180.52
"2017","FM","Macossa",311.58
"2018","FM","Macossa",445.79
"2019","FM","Macossa",258.91
"2020","FM","Macossa",238.16
"2021","FM","Macossa",232.77
"1981","MA","Macossa",126.64
"1982","MA","Macossa",71.95
"1983","MA","Macossa",115.25
"1984","MA","Macossa",192.53
"1985","MA","Macossa",182.9
"1986","MA","Macossa",102.76
"1987","MA","Macossa",71.79
"1988","MA","Macossa",267.22
"1989","MA","Macossa",102.34
"1990","MA","Macossa",113.48
"1991","MA","Macossa",109.68
"1992","MA","Macossa",98.49
"1993","MA","Macossa",89
"1994","MA","Macossa",73.99
"1995","MA","Macossa",72.98
"1996","MA","Macossa",77.73
"1997","MA","Macossa",190.59
"1998","MA","Macossa",96.19
"1999","MA","Macossa",104.44
"2000","MA","Macossa",174.02
"2001","MA","Macossa",291.07
"2002","MA","Macossa",134.43
"2003","MA","Macossa",216.97
"2004","MA","Macossa",224.68
"2005","MA","Macossa",59.51
"2006","MA","Macossa",187.02
"2007","MA","Macossa",58.91
"2008","MA","Macossa",93.61
"2009","MA","Macossa",158.22
"2010","MA","Macossa",88.46
"2011","MA","Macossa",99.73
"2012","MA","Macossa",139.16
"2013","MA","Macossa",86.67
"2014","MA","Macossa",82.16
"2015","MA","Macossa",82.73
"2016","MA","Macossa",166.95
"2017","MA","Macossa",164.71
"2018","MA","Macossa",102.02
"2019","MA","Macossa",179.66
"2020","MA","Macossa",66.07
"2021","MA","Macossa",78.99
"1981","ON","Macossa",137.86
"1982","ON","Macossa",102.05
"1983","ON","Macossa",59.26
"1984","ON","Macossa",109.25
"1985","ON","Macossa",138.74
"1986","ON","Macossa",106.66
"1987","ON","Macossa",72.66
"1988","ON","Macossa",153.27
"1989","ON","Macossa",126.44
"1990","ON","Macossa",95.75
"1991","ON","Macossa",126.47
"1992","ON","Macossa",87.17
"1993","ON","Macossa",139.44
"1994","ON","Macossa",73.73
"1995","ON","Macossa",68.3
"1996","ON","Macossa",81.7
"1997","ON","Macossa",173.34
"1998","ON","Macossa",166.33
"1999","ON","Macossa",122.39
"2000","ON","Macossa",157.43
"2001","ON","Macossa",139.08
"2002","ON","Macossa",100.8
"2003","ON","Macossa",94.06
"2004","ON","Macossa",130.15
"2005","ON","Macossa",89.48
"2006","ON","Macossa",109.32
"2007","ON","Macossa",158.64
"2008","ON","Macossa",53.79
"2009","ON","Macossa",111.77
"2010","ON","Macossa",94.22
"2011","ON","Macossa",104.76
"2012","ON","Macossa",55.98
"2013","ON","Macossa",92.18
"2014","ON","Macossa",37.65
"2015","ON","Macossa",41.43
"2016","ON","Macossa",110.41
"2017","ON","Macossa",110.48
"2018","ON","Macossa",122.71
"2019","ON","Macossa",91.2
"2020","ON","Macossa",78.09
"1981","ND","Macossa",234.55
"1982","ND","Macossa",188.13
"1983","ND","Macossa",150.03
"1984","ND","Macossa",299.55
"1985","ND","Macossa",373.41
"1986","ND","Macossa",222.08
"1987","ND","Macossa",269.01
"1988","ND","Macossa",206.64
"1989","ND","Macossa",396.49
"1990","ND","Macossa",186.15
"1991","ND","Macossa",160.34
"1992","ND","Macossa",234.61
"1993","ND","Macossa",256.9
"1994","ND","Macossa",265.92
"1995","ND","Macossa",285.49
"1996","ND","Macossa",185.55
"1997","ND","Macossa",270.36
"1998","ND","Macossa",367.5
"1999","ND","Macossa",183.5
"2000","ND","Macossa",239.31
"2001","ND","Macossa",413.57
"2002","ND","Macossa",161.69
"2003","ND","Macossa",163.53
"2004","ND","Macossa",318.25
"2005","ND","Macossa",380.34
"2006","ND","Macossa",174.78
"2007","ND","Macossa",521.73
"2008","ND","Macossa",352.09
"2009","ND","Macossa",267.38
"2010","ND","Macossa",243.34
"2011","ND","Macossa",229.58
"2012","ND","Macossa",215.88
"2013","ND","Macossa",219.1
"2014","ND","Macossa",314.83
"2015","ND","Macossa",144.86
"2016","ND","Macossa",312.44
"2017","ND","Macossa",224.24
"2018","ND","Macossa",225.1
"2019","ND","Macossa",167.95
"2020","ND","Macossa",310.32
"1982","DJ","Macossa",347.92
"1983","DJ","Macossa",202.63
"1984","DJ","Macossa",212.69
"1985","DJ","Macossa",514.96
"1986","DJ","Macossa",610.29
"1987","DJ","Macossa",368.37
"1988","DJ","Macossa",426.93
"1989","DJ","Macossa",331.65
"1990","DJ","Macossa",577.86
"1991","DJ","Macossa",194.87
"1992","DJ","Macossa",134.7
"1993","DJ","Macossa",395.23
"1994","DJ","Macossa",370.07
"1995","DJ","Macossa",439.56
"1996","DJ","Macossa",551.28
"1997","DJ","Macossa",569.15
"1998","DJ","Macossa",469.41
"1999","DJ","Macossa",601.54
"2000","DJ","Macossa",336.23
"2001","DJ","Macossa",349.66
"2002","DJ","Macossa",416.56
"2003","DJ","Macossa",250.52
"2004","DJ","Macossa",320.85
"2005","DJ","Macossa",413.25
"2006","DJ","Macossa",520.84
"2007","DJ","Macossa",383.02
"2008","DJ","Macossa",713.19
"2009","DJ","Macossa",581.24
"2010","DJ","Macossa",284.62
"2011","DJ","Macossa",601.06
"2012","DJ","Macossa",340.57
"2013","DJ","Macossa",457.74
"2014","DJ","Macossa",419.54
"2015","DJ","Macossa",419.43
"2016","DJ","Macossa",231.44
"2017","DJ","Macossa",570.74
"2018","DJ","Macossa",177.92
"2019","DJ","Macossa",585.69
"2020","DJ","Macossa",314.81
"2021","DJ","Macossa",624.14
"1981","JF","Tambara",300.21
"1982","JF","Tambara",453.19
"1983","JF","Tambara",209.22
"1984","JF","Tambara",304.66
"1985","JF","Tambara",365.64
"1986","JF","Tambara",503.27
"1987","JF","Tambara",252.54
"1988","JF","Tambara",365.73
"1989","JF","Tambara",508.32
"1990","JF","Tambara",329.55
"1991","JF","Tambara",341.46
"1992","JF","Tambara",93.99
"1993","JF","Tambara",481.86
"1994","JF","Tambara",248.78
"1995","JF","Tambara",315.72
"1996","JF","Tambara",410.33
"1997","JF","Tambara",763.99
"1998","JF","Tambara",426.49
"1999","JF","Tambara",708.19
"2000","JF","Tambara",516
"2001","JF","Tambara",621
"2002","JF","Tambara",259.87
"2003","JF","Tambara",372.96
"2004","JF","Tambara",351.27
"2005","JF","Tambara",210.06
"2006","JF","Tambara",360.82
"2007","JF","Tambara",499.15
"2008","JF","Tambara",288.07
"2009","JF","Tambara",312.53
"2010","JF","Tambara",362.86
"2011","JF","Tambara",358.79
"2012","JF","Tambara",359.43
"2013","JF","Tambara",374.66
"2014","JF","Tambara",418.41
"2015","JF","Tambara",306.52
"2016","JF","Tambara",162.55
"2017","JF","Tambara",558.45
"2018","JF","Tambara",435.26
"2019","JF","Tambara",527.77
"2020","JF","Tambara",481.32
"2021","JF","Tambara",377.08
"1981","FM","Tambara",228.5
"1982","FM","Tambara",287.32
"1983","FM","Tambara",199.71
"1984","FM","Tambara",335.74
"1985","FM","Tambara",271.95
"1986","FM","Tambara",295.02
"1987","FM","Tambara",68.38
"1988","FM","Tambara",375.06
"1989","FM","Tambara",422.24
"1990","FM","Tambara",130.38
"1991","FM","Tambara",286.71
"1992","FM","Tambara",86.59
"1993","FM","Tambara",258.58
"1994","FM","Tambara",105.69
"1995","FM","Tambara",88.29
"1996","FM","Tambara",271.14
"1997","FM","Tambara",534.41
"1998","FM","Tambara",162.15
"1999","FM","Tambara",352.83
"2000","FM","Tambara",363.54
"2001","FM","Tambara",600.14
"2002","FM","Tambara",182.42
"2003","FM","Tambara",262.97
"2004","FM","Tambara",264.05
"2005","FM","Tambara",54.16
"2006","FM","Tambara",281.51
"2007","FM","Tambara",237.99
"2008","FM","Tambara",86.66
"2009","FM","Tambara",185.98
"2010","FM","Tambara",289.97
"2011","FM","Tambara",108.04
"2012","FM","Tambara",197.83
"2013","FM","Tambara",166.01
"2014","FM","Tambara",198.29
"2015","FM","Tambara",174.26
"2016","FM","Tambara",145.58
"2017","FM","Tambara",363.85
"2018","FM","Tambara",439.57
"2019","FM","Tambara",302.32
"2020","FM","Tambara",231.9
"2021","FM","Tambara",176.51
"1981","MA","Tambara",77.94
"1982","MA","Tambara",50.29
"1983","MA","Tambara",69.69
"1984","MA","Tambara",115.71
"1985","MA","Tambara",168.48
"1986","MA","Tambara",88.09
"1987","MA","Tambara",36.87
"1988","MA","Tambara",198.13
"1989","MA","Tambara",139.28
"1990","MA","Tambara",63
"1991","MA","Tambara",91.98
"1992","MA","Tambara",89.79
"1993","MA","Tambara",75.44
"1994","MA","Tambara",57.5
"1995","MA","Tambara",36.03
"1996","MA","Tambara",69.74
"1997","MA","Tambara",126.05
"1998","MA","Tambara",52.71
"1999","MA","Tambara",87.93
"2000","MA","Tambara",112.07
"2001","MA","Tambara",202.57
"2002","MA","Tambara",100.4
"2003","MA","Tambara",127.3
"2004","MA","Tambara",119.5
"2005","MA","Tambara",31.52
"2006","MA","Tambara",144.1
"2007","MA","Tambara",59.87
"2008","MA","Tambara",70.16
"2009","MA","Tambara",121.3
"2010","MA","Tambara",55.03
"2011","MA","Tambara",103.57
"2012","MA","Tambara",112.79
"2013","MA","Tambara",46.59
"2014","MA","Tambara",46.37
"2015","MA","Tambara",65.29
"2016","MA","Tambara",104.08
"2017","MA","Tambara",150.69
"2018","MA","Tambara",81.42
"2019","MA","Tambara",152.5
"2020","MA","Tambara",42.5
"2021","MA","Tambara",75.43
"1981","ON","Tambara",83.26
"1982","ON","Tambara",97.43
"1983","ON","Tambara",37.66
"1984","ON","Tambara",73.74
"1985","ON","Tambara",111.72
"1986","ON","Tambara",81.43
"1987","ON","Tambara",37.24
"1988","ON","Tambara",103.61
"1989","ON","Tambara",100.78
"1990","ON","Tambara",65.27
"1991","ON","Tambara",68.25
"1992","ON","Tambara",57.86
"1993","ON","Tambara",91.53
"1994","ON","Tambara",45
"1995","ON","Tambara",42.05
"1996","ON","Tambara",72.64
"1997","ON","Tambara",112.51
"1998","ON","Tambara",96.95
"1999","ON","Tambara",100.24
"2000","ON","Tambara",144.24
"2001","ON","Tambara",83.67
"2002","ON","Tambara",37.03
"2003","ON","Tambara",28.77
"2004","ON","Tambara",103.93
"2005","ON","Tambara",63.98
"2006","ON","Tambara",101.77
"2007","ON","Tambara",77.09
"2008","ON","Tambara",22
"2009","ON","Tambara",46.04
"2010","ON","Tambara",60.87
"2011","ON","Tambara",77.69
"2012","ON","Tambara",41.74
"2013","ON","Tambara",61.53
"2014","ON","Tambara",20.52
"2015","ON","Tambara",27.27
"2016","ON","Tambara",66.72
"2017","ON","Tambara",103.18
"2018","ON","Tambara",103.25
"2019","ON","Tambara",67.87
"2020","ON","Tambara",27.77
"1981","ND","Tambara",172.98
"1982","ND","Tambara",152.77
"1983","ND","Tambara",205.27
"1984","ND","Tambara",283.84
"1985","ND","Tambara",340.61
"1986","ND","Tambara",180.65
"1987","ND","Tambara",202.54
"1988","ND","Tambara",139.94
"1989","ND","Tambara",254.74
"1990","ND","Tambara",119.57
"1991","ND","Tambara",113.8
"1992","ND","Tambara",224.25
"1993","ND","Tambara",165.08
"1994","ND","Tambara",170.8
"1995","ND","Tambara",310.81
"1996","ND","Tambara",229.02
"1997","ND","Tambara",282.83
"1998","ND","Tambara",374.13
"1999","ND","Tambara",138.09
"2000","ND","Tambara",231.46
"2001","ND","Tambara",386.05
"2002","ND","Tambara",142.98
"2003","ND","Tambara",121.77
"2004","ND","Tambara",353.22
"2005","ND","Tambara",360.31
"2006","ND","Tambara",245.68
"2007","ND","Tambara",333.98
"2008","ND","Tambara",144.38
"2009","ND","Tambara",232.84
"2010","ND","Tambara",252.71
"2011","ND","Tambara",197.61
"2012","ND","Tambara",222.59
"2013","ND","Tambara",192.93
"2014","ND","Tambara",293.73
"2015","ND","Tambara",161.44
"2016","ND","Tambara",323.5
"2017","ND","Tambara",228.76
"2018","ND","Tambara",232.22
"2019","ND","Tambara",153.28
"2020","ND","Tambara",230.9
"1982","DJ","Tambara",303.71
"1983","DJ","Tambara",179.8
"1984","DJ","Tambara",255.08
"1985","DJ","Tambara",446.25
"1986","DJ","Tambara",535.12
"1987","DJ","Tambara",340.9
"1988","DJ","Tambara",349.04
"1989","DJ","Tambara",277.43
"1990","DJ","Tambara",412.13
"1991","DJ","Tambara",188.73
"1992","DJ","Tambara",134.16
"1993","DJ","Tambara",444.89
"1994","DJ","Tambara",272.21
"1995","DJ","Tambara",408.45
"1996","DJ","Tambara",475.63
"1997","DJ","Tambara",482.37
"1998","DJ","Tambara",498.81
"1999","DJ","Tambara",714.32
"2000","DJ","Tambara",296.64
"2001","DJ","Tambara",317.19
"2002","DJ","Tambara",462.77
"2003","DJ","Tambara",343.03
"2004","DJ","Tambara",279.99
"2005","DJ","Tambara",441.95
"2006","DJ","Tambara",508.88
"2007","DJ","Tambara",462.02
"2008","DJ","Tambara",531.47
"2009","DJ","Tambara",365.67
"2010","DJ","Tambara",300.34
"2011","DJ","Tambara",521.35
"2012","DJ","Tambara",390.43
"2013","DJ","Tambara",435.56
"2014","DJ","Tambara",399.58
"2015","DJ","Tambara",468.63
"2016","DJ","Tambara",244.48
"2017","DJ","Tambara",596.93
"2018","DJ","Tambara",181.19
"2019","DJ","Tambara",495.35
"2020","DJ","Tambara",365
"2021","DJ","Tambara",476.16
"1981","JFM","Chibuto",404.61
"1982","JFM","Chibuto",227.8
"1983","JFM","Chibuto",156.53
"1984","JFM","Chibuto",391.18
"1985","JFM","Chibuto",430.12
"1986","JFM","Chibuto",204.81
"1987","JFM","Chibuto",218.55
"1988","JFM","Chibuto",237.22
"1989","JFM","Chibuto",180.92
"1990","JFM","Chibuto",366.2
"1991","JFM","Chibuto",346.12
"1992","JFM","Chibuto",144.98
"1993","JFM","Chibuto",335.07
"1994","JFM","Chibuto",232.89
"1995","JFM","Chibuto",170.97
"1996","JFM","Chibuto",427.8
"1997","JFM","Chibuto",464.68
"1998","JFM","Chibuto",304.2
"1999","JFM","Chibuto",484.53
"2000","JFM","Chibuto",860.23
"2001","JFM","Chibuto",386.35
"2002","JFM","Chibuto",92.45
"2003","JFM","Chibuto",260.86
"2004","JFM","Chibuto",460.81
"2005","JFM","Chibuto",208.96
"2006","JFM","Chibuto",438
"2007","JFM","Chibuto",247.09
"2008","JFM","Chibuto",152.08
"2009","JFM","Chibuto",236.32
"2010","JFM","Chibuto",216.35
"2011","JFM","Chibuto",440.55
"2012","JFM","Chibuto",226.2
"2013","JFM","Chibuto",540.72
"2014","JFM","Chibuto",357.31
"2015","JFM","Chibuto",235.41
"2016","JFM","Chibuto",160.05
"2017","JFM","Chibuto",498.8
"2018","JFM","Chibuto",321.86
"2019","JFM","Chibuto",384.81
"2020","JFM","Chibuto",313.46
"2021","JFM","Chibuto",598.83
"1981","FMA","Chibuto",301.52
"1982","FMA","Chibuto",227.07
"1983","FMA","Chibuto",113.52
"1984","FMA","Chibuto",204.98
"1985","FMA","Chibuto",251.98
"1986","FMA","Chibuto",152.14
"1987","FMA","Chibuto",154.68
"1988","FMA","Chibuto",237.96
"1989","FMA","Chibuto",207.73
"1990","FMA","Chibuto",253.57
"1991","FMA","Chibuto",310.46
"1992","FMA","Chibuto",84.14
"1993","FMA","Chibuto",346.16
"1994","FMA","Chibuto",100.88
"1995","FMA","Chibuto",213.43
"1996","FMA","Chibuto",258.97
"1997","FMA","Chibuto",252.95
"1998","FMA","Chibuto",111.75
"1999","FMA","Chibuto",370.3
"2000","FMA","Chibuto",597.58
"2001","FMA","Chibuto",380.31
"2002","FMA","Chibuto",112.15
"2003","FMA","Chibuto",266.83
"2004","FMA","Chibuto",412.39
"2005","FMA","Chibuto",171.35
"2006","FMA","Chibuto",308.12
"2007","FMA","Chibuto",262.61
"2008","FMA","Chibuto",84.91
"2009","FMA","Chibuto",154.96
"2010","FMA","Chibuto",224.54
"2011","FMA","Chibuto",116.6
"2012","FMA","Chibuto",179.49
"2013","FMA","Chibuto",148.54
"2014","FMA","Chibuto",256.04
"2015","FMA","Chibuto",221.17
"2016","FMA","Chibuto",132.42
"2017","FMA","Chibuto",281.72
"2018","FMA","Chibuto",334.93
"2019","FMA","Chibuto",310.56
"2020","FMA","Chibuto",203.55
"2021","FMA","Chibuto",373.46
"1981","OND","Chibuto",260.57
"1982","OND","Chibuto",135.91
"1983","OND","Chibuto",179.47
"1984","OND","Chibuto",210.93
"1985","OND","Chibuto",216.67
"1986","OND","Chibuto",187.81
"1987","OND","Chibuto",213.56
"1988","OND","Chibuto",117.26
"1989","OND","Chibuto",300.48
"1990","OND","Chibuto",191.55
"1991","OND","Chibuto",94.02
"1992","OND","Chibuto",308.86
"1993","OND","Chibuto",227.84
"1994","OND","Chibuto",210.71
"1995","OND","Chibuto",190.5
"1996","OND","Chibuto",100.05
"1997","OND","Chibuto",168.09
"1998","OND","Chibuto",387.41
"1999","OND","Chibuto",212.34
"2000","OND","Chibuto",207.72
"2001","OND","Chibuto",375.9
"2002","OND","Chibuto",214.1
"2003","OND","Chibuto",178.58
"2004","OND","Chibuto",174.66
"2005","OND","Chibuto",209.78
"2006","OND","Chibuto",220.42
"2007","OND","Chibuto",307.16
"2008","OND","Chibuto",230.43
"2009","OND","Chibuto",120.94
"2010","OND","Chibuto",236.23
"2011","OND","Chibuto",191.18
"2012","OND","Chibuto",210.94
"2013","OND","Chibuto",227.51
"2014","OND","Chibuto",195.99
"2015","OND","Chibuto",110.94
"2016","OND","Chibuto",266.99
"2017","OND","Chibuto",119.07
"2018","OND","Chibuto",151.93
"2019","OND","Chibuto",134.76
"2020","OND","Chibuto",238.14
"1982","NDJ","Chibuto",256.47
"1983","NDJ","Chibuto",179.7
"1984","NDJ","Chibuto",386.36
"1985","NDJ","Chibuto",385.7
"1986","NDJ","Chibuto",276.68
"1987","NDJ","Chibuto",241.94
"1988","NDJ","Chibuto",235.09
"1989","NDJ","Chibuto",82.69
"1990","NDJ","Chibuto",412.95
"1991","NDJ","Chibuto",241.95
"1992","NDJ","Chibuto",157.98
"1993","NDJ","Chibuto",333.46
"1994","NDJ","Chibuto",369.1
"1995","NDJ","Chibuto",199.11
"1996","NDJ","Chibuto",396.08
"1997","NDJ","Chibuto",321.25
"1998","NDJ","Chibuto",345.62
"1999","NDJ","Chibuto",496.99
"2000","NDJ","Chibuto",487
"2001","NDJ","Chibuto",240.03
"2002","NDJ","Chibuto",367.54
"2003","NDJ","Chibuto",195.17
"2004","NDJ","Chibuto",214.84
"2005","NDJ","Chibuto",206.31
"2006","NDJ","Chibuto",366.84
"2007","NDJ","Chibuto",275.38
"2008","NDJ","Chibuto",378.77
"2009","NDJ","Chibuto",314.31
"2010","NDJ","Chibuto",198.26
"2011","NDJ","Chibuto",579.48
"2012","NDJ","Chibuto",216.28
"2013","NDJ","Chibuto",582.91
"2014","NDJ","Chibuto",315.49
"2015","NDJ","Chibuto",216.64
"2016","NDJ","Chibuto",139.79
"2017","NDJ","Chibuto",500.82
"2018","NDJ","Chibuto",104.69
"2019","NDJ","Chibuto",238.57
"2020","NDJ","Chibuto",241.33
"2021","NDJ","Chibuto",448.25
"1982","DJF","Chibuto",268.29
"1983","DJF","Chibuto",207.41
"1984","DJF","Chibuto",383.21
"1985","DJF","Chibuto",440.55
"1986","DJF","Chibuto",228.08
"1987","DJF","Chibuto",230.77
"1988","DJF","Chibuto",288.71
"1989","DJF","Chibuto",181.8
"1990","DJF","Chibuto",401.43
"1991","DJF","Chibuto",360.25
"1992","DJF","Chibuto",153.46
"1993","DJF","Chibuto",419.53
"1994","DJF","Chibuto",286.31
"1995","DJF","Chibuto",259.51
"1996","DJF","Chibuto",486.94
"1997","DJF","Chibuto",386.45
"1998","DJF","Chibuto",335.78
"1999","DJF","Chibuto",673.32
"2000","DJF","Chibuto",669.39
"2001","DJF","Chibuto",315.65
"2002","DJF","Chibuto",280.96
"2003","DJF","Chibuto",241.27
"2004","DJF","Chibuto",312.44
"2005","DJF","Chibuto",184.48
"2006","DJF","Chibuto",343.94
"2007","DJF","Chibuto",314.8
"2008","DJF","Chibuto",313.09
"2009","DJF","Chibuto",321.65
"2010","DJF","Chibuto",192.41
"2011","DJF","Chibuto",557.75
"2012","DJF","Chibuto",213.67
"2013","DJF","Chibuto",551.46
"2014","DJF","Chibuto",303.32
"2015","DJF","Chibuto",325.2
"2016","DJF","Chibuto",116.06
"2017","DJF","Chibuto",605.01
"2018","DJF","Chibuto",301.24
"2019","DJF","Chibuto",418.42
"2020","DJF","Chibuto",308.54
"2021","DJF","Chibuto",697.5
"1981","JFM","Guija",355.14
"1982","JFM","Guija",182.53
"1983","JFM","Guija",168.38
"1984","JFM","Guija",351.88
"1985","JFM","Guija",384.42
"1986","JFM","Guija",237.62
"1987","JFM","Guija",186
"1988","JFM","Guija",186.57
"1989","JFM","Guija",170.15
"1990","JFM","Guija",341.8
"1991","JFM","Guija",328.78
"1992","JFM","Guija",149.15
"1993","JFM","Guija",299.43
"1994","JFM","Guija",229.76
"1995","JFM","Guija",153.81
"1996","JFM","Guija",425.27
"1997","JFM","Guija",416.06
"1998","JFM","Guija",283.88
"1999","JFM","Guija",423.8
"2000","JFM","Guija",823.29
"2001","JFM","Guija",342.83
"2002","JFM","Guija",89.79
"2003","JFM","Guija",262.57
"2004","JFM","Guija",442.12
"2005","JFM","Guija",204.53
"2006","JFM","Guija",424.89
"2007","JFM","Guija",170.78
"2008","JFM","Guija",139.89
"2009","JFM","Guija",227.76
"2010","JFM","Guija",196.48
"2011","JFM","Guija",363.64
"2012","JFM","Guija",199.43
"2013","JFM","Guija",494.31
"2014","JFM","Guija",361.73
"2015","JFM","Guija",204.4
"2016","JFM","Guija",184.42
"2017","JFM","Guija",436.76
"2018","JFM","Guija",328.91
"2019","JFM","Guija",367.73
"2020","JFM","Guija",298.69
"2021","JFM","Guija",551.82
"1981","FMA","Guija",273.77
"1982","FMA","Guija",188.98
"1983","FMA","Guija",120.25
"1984","FMA","Guija",188.73
"1985","FMA","Guija",263.78
"1986","FMA","Guija",151.14
"1987","FMA","Guija",130.57
"1988","FMA","Guija",190.29
"1989","FMA","Guija",202.47
"1990","FMA","Guija",214.81
"1991","FMA","Guija",266.1
"1992","FMA","Guija",71.2
"1993","FMA","Guija",315.47
"1994","FMA","Guija",101.36
"1995","FMA","Guija",193.33
"1996","FMA","Guija",261.43
"1997","FMA","Guija",242.87
"1998","FMA","Guija",91.43
"1999","FMA","Guija",334.03
"2000","FMA","Guija",586.64
"2001","FMA","Guija",334.96
"2002","FMA","Guija",103.84
"2003","FMA","Guija",268.86
"2004","FMA","Guija",392.56
"2005","FMA","Guija",162.56
"2006","FMA","Guija",298.38
"2007","FMA","Guija",204.84
"2008","FMA","Guija",94.12
"2009","FMA","Guija",140.12
"2010","FMA","Guija",195.06
"2011","FMA","Guija",114.91
"2012","FMA","Guija",151.69
"2013","FMA","Guija",128.94
"2014","FMA","Guija",265.54
"2015","FMA","Guija",180.37
"2016","FMA","Guija",144.89
"2017","FMA","Guija",252.24
"2018","FMA","Guija",350.37
"2019","FMA","Guija",319.71
"2020","FMA","Guija",200.75
"2021","FMA","Guija",339.68
"1981","OND","Guija",291.63
"1982","OND","Guija",136.68
"1983","OND","Guija",175.16
"1984","OND","Guija",210.47
"1985","OND","Guija",212.74
"1986","OND","Guija",141.88
"1987","OND","Guija",204.92
"1988","OND","Guija",110.51
"1989","OND","Guija",269.35
"1990","OND","Guija",200.86
"1991","OND","Guija",94.44
"1992","OND","Guija",318.56
"1993","OND","Guija",237.99
"1994","OND","Guija",228.64
"1995","OND","Guija",201.15
"1996","OND","Guija",73.68
"1997","OND","Guija",178.07
"1998","OND","Guija",352.57
"1999","OND","Guija",218.45
"2000","OND","Guija",221.93
"2001","OND","Guija",369.9
"2002","OND","Guija",205.62
"2003","OND","Guija",176.57
"2004","OND","Guija",169.37
"2005","OND","Guija",191.03
"2006","OND","Guija",212.44
"2007","OND","Guija",276.89
"2008","OND","Guija",242.71
"2009","OND","Guija",128.36
"2010","OND","Guija",247.79
"2011","OND","Guija",186.17
"2012","OND","Guija",212.58
"2013","OND","Guija",231.51
"2014","OND","Guija",195.08
"2015","OND","Guija",110.44
"2016","OND","Guija",277.65
"2017","OND","Guija",115.17
"2018","OND","Guija",165.09
"2019","OND","Guija",126.44
"2020","OND","Guija",219.11
"1982","NDJ","Guija",282.89
"1983","NDJ","Guija",186.18
"1984","NDJ","Guija",353.8
"1985","NDJ","Guija",328.79
"1986","NDJ","Guija",311.39
"1987","NDJ","Guija",192.83
"1988","NDJ","Guija",211.29
"1989","NDJ","Guija",74.43
"1990","NDJ","Guija",393.87
"1991","NDJ","Guija",272.47
"1992","NDJ","Guija",170.88
"1993","NDJ","Guija",332.38
"1994","NDJ","Guija",372.62
"1995","NDJ","Guija",203.93
"1996","NDJ","Guija",396.24
"1997","NDJ","Guija",252.8
"1998","NDJ","Guija",356.1
"1999","NDJ","Guija",439.29
"2000","NDJ","Guija",468.64
"2001","NDJ","Guija",258.59
"2002","NDJ","Guija",362.76
"2003","NDJ","Guija",188.37
"2004","NDJ","Guija",216.46
"2005","NDJ","Guija",198
"2006","NDJ","Guija",338.48
"2007","NDJ","Guija",234.11
"2008","NDJ","Guija",326.64
"2009","NDJ","Guija",335.28
"2010","NDJ","Guija",209.63
"2011","NDJ","Guija",515.45
"2012","NDJ","Guija",202.77
"2013","NDJ","Guija",564.28
"2014","NDJ","Guija",311.2
"2015","NDJ","Guija",224.01
"2016","NDJ","Guija",153.4
"2017","NDJ","Guija",473.83
"2018","NDJ","Guija",94.91
"2019","NDJ","Guija",221.41
"2020","NDJ","Guija",227.12
"2021","NDJ","Guija",406.34
"1982","DJF","Guija",246.51
"1983","DJF","Guija",214.6
"1984","DJF","Guija",335.83
"1985","DJF","Guija",373.47
"1986","DJF","Guija",259.39
"1987","DJF","Guija",185.42
"1988","DJF","Guija",267.23
"1989","DJF","Guija",171.47
"1990","DJF","Guija",377.64
"1991","DJF","Guija",342.71
"1992","DJF","Guija",151.23
"1993","DJF","Guija",406.39
"1994","DJF","Guija",292.48
"1995","DJF","Guija",259.92
"1996","DJF","Guija",471.76
"1997","DJF","Guija",323.17
"1998","DJF","Guija",328.75
"1999","DJF","Guija",607.12
"2000","DJF","Guija",651.5
"2001","DJF","Guija",301.91
"2002","DJF","Guija",266.52
"2003","DJF","Guija",247.86
"2004","DJF","Guija",300.03
"2005","DJF","Guija",172.67
"2006","DJF","Guija",325.09
"2007","DJF","Guija",238.02
"2008","DJF","Guija",276.45
"2009","DJF","Guija",323.18
"2010","DJF","Guija",187.26
"2011","DJF","Guija",473.2
"2012","DJF","Guija",194.08
"2013","DJF","Guija",522.18
"2014","DJF","Guija",291.98
"2015","DJF","Guija",286.92
"2016","DJF","Guija",129.05
"2017","DJF","Guija",568.9
"2018","DJF","Guija",297.63
"2019","DJF","Guija",412.26
"2020","DJF","Guija",288.58
"2021","DJF","Guija",628.51
"1981","JFM","Changara",375.45
"1982","JFM","Changara",436.84
"1983","JFM","Changara",222.95
"1984","JFM","Changara",389.98
"1985","JFM","Changara",526.15
"1986","JFM","Changara",454.54
"1987","JFM","Changara",261.93
"1988","JFM","Changara",508.74
"1989","JFM","Changara",579.3
"1990","JFM","Changara",421.29
"1991","JFM","Changara",398.96
"1992","JFM","Changara",159.94
"1993","JFM","Changara",432.44
"1994","JFM","Changara",229.64
"1995","JFM","Changara",280.88
"1996","JFM","Changara",453.65
"1997","JFM","Changara",835.37
"1998","JFM","Changara",404.11
"1999","JFM","Changara",633.33
"2000","JFM","Changara",613.88
"2001","JFM","Changara",733.67
"2002","JFM","Changara",254.02
"2003","JFM","Changara",498.76
"2004","JFM","Changara",450.39
"2005","JFM","Changara",248.51
"2006","JFM","Changara",429.27
"2007","JFM","Changara",500.27
"2008","JFM","Changara",334.41
"2009","JFM","Changara",429.74
"2010","JFM","Changara",462.1
"2011","JFM","Changara",405.29
"2012","JFM","Changara",430.48
"2013","JFM","Changara",359.27
"2014","JFM","Changara",488.8
"2015","JFM","Changara",431.81
"2016","JFM","Changara",242.57
"2017","JFM","Changara",640.37
"2018","JFM","Changara",468.65
"2019","JFM","Changara",521.79
"2020","JFM","Changara",413.78
"2021","JFM","Changara",488.33
"1981","FMA","Changara",270.37
"1982","FMA","Changara",288.63
"1983","FMA","Changara",172.08
"1984","FMA","Changara",315.18
"1985","FMA","Changara",322.21
"1986","FMA","Changara",224.6
"1987","FMA","Changara",68.69
"1988","FMA","Changara",315.44
"1989","FMA","Changara",347.01
"1990","FMA","Changara",135.59
"1991","FMA","Changara",283.9
"1992","FMA","Changara",79.58
"1993","FMA","Changara",248.69
"1994","FMA","Changara",78.46
"1995","FMA","Changara",76.21
"1996","FMA","Changara",264.13
"1997","FMA","Changara",551.55
"1998","FMA","Changara",143.58
"1999","FMA","Changara",298.97
"2000","FMA","Changara",364.87
"2001","FMA","Changara",573.14
"2002","FMA","Changara",115.83
"2003","FMA","Changara",296.13
"2004","FMA","Changara",254.38
"2005","FMA","Changara",54.12
"2006","FMA","Changara",234.56
"2007","FMA","Changara",252.75
"2008","FMA","Changara",65.16
"2009","FMA","Changara",157.34
"2010","FMA","Changara",364.95
"2011","FMA","Changara",83.68
"2012","FMA","Changara",211.02
"2013","FMA","Changara",115.95
"2014","FMA","Changara",238.81
"2015","FMA","Changara",165.35
"2016","FMA","Changara",143.04
"2017","FMA","Changara",320.61
"2018","FMA","Changara",444.13
"2019","FMA","Changara",234
"2020","FMA","Changara",193.47
"2021","FMA","Changara",201.73
"1981","OND","Changara",170.38
"1982","OND","Changara",167.59
"1983","OND","Changara",194.99
"1984","OND","Changara",250.83
"1985","OND","Changara",354.98
"1986","OND","Changara",221.5
"1987","OND","Changara",182.16
"1988","OND","Changara",142.92
"1989","OND","Changara",296.26
"1990","OND","Changara",160.12
"1991","OND","Changara",134.33
"1992","OND","Changara",192.28
"1993","OND","Changara",174
"1994","OND","Changara",187.19
"1995","OND","Changara",302.16
"1996","OND","Changara",233.21
"1997","OND","Changara",270.21
"1998","OND","Changara",331
"1999","OND","Changara",101.21
"2000","OND","Changara",251.05
"2001","OND","Changara",286.53
"2002","OND","Changara",149.38
"2003","OND","Changara",141.17
"2004","OND","Changara",345.35
"2005","OND","Changara",306.64
"2006","OND","Changara",216.37
"2007","OND","Changara",355.77
"2008","OND","Changara",148.19
"2009","OND","Changara",237.39
"2010","OND","Changara",217.05
"2011","OND","Changara",197.51
"2012","OND","Changara",194.65
"2013","OND","Changara",161.13
"2014","OND","Changara",272.77
"2015","OND","Changara",138.59
"2016","OND","Changara",241.12
"2017","OND","Changara",184.06
"2018","OND","Changara",224.88
"2019","OND","Changara",137.8
"2020","OND","Changara",252.83
"1982","NDJ","Changara",317.92
"1983","NDJ","Changara",205.41
"1984","NDJ","Changara",267.54
"1985","NDJ","Changara",459.87
"1986","NDJ","Changara",599.87
"1987","NDJ","Changara",397.44
"1988","NDJ","Changara",378.65
"1989","NDJ","Changara",353.86
"1990","NDJ","Changara",583.16
"1991","NDJ","Changara",288
"1992","NDJ","Changara",217.27
"1993","NDJ","Changara",392.11
"1994","NDJ","Changara",326
"1995","NDJ","Changara",376.42
"1996","NDJ","Changara",487.15
"1997","NDJ","Changara",533.41
"1998","NDJ","Changara",521.22
"1999","NDJ","Changara",674.21
"2000","NDJ","Changara",355.95
"2001","NDJ","Changara",405.67
"2002","NDJ","Changara",431.8
"2003","NDJ","Changara",350.38
"2004","NDJ","Changara",342.62
"2005","NDJ","Changara",535.31
"2006","NDJ","Changara",503.44
"2007","NDJ","Changara",474.5
"2008","NDJ","Changara",625.15
"2009","NDJ","Changara",426.54
"2010","NDJ","Changara",345.13
"2011","NDJ","Changara",551.88
"2012","NDJ","Changara",426.89
"2013","NDJ","Changara",441.65
"2014","NDJ","Changara",411.06
"2015","NDJ","Changara",546.91
"2016","NDJ","Changara",246.09
"2017","NDJ","Changara",572.19
"2018","NDJ","Changara",218.98
"2019","NDJ","Changara",523.7
"2020","NDJ","Changara",362.48
"2021","NDJ","Changara",538.23
"1982","DJF","Changara",526.07
"1983","DJF","Changara",289.05
"1984","DJF","Changara",445.87
"1985","DJF","Changara",601.98
"1986","DJF","Changara",696.66
"1987","DJF","Changara",380.86
"1988","DJF","Changara",525.64
"1989","DJF","Changara",590.17
"1990","DJF","Changara",621.1
"1991","DJF","Changara",454.36
"1992","DJF","Changara",168.66
"1993","DJF","Changara",546.77
"1994","DJF","Changara",293.15
"1995","DJF","Changara",423.12
"1996","DJF","Changara",672.02
"1997","DJF","Changara",945.12
"1998","DJF","Changara",545.2
"1999","DJF","Changara",856.18
"2000","DJF","Changara",564.83
"2001","DJF","Changara",686.07
"2002","DJF","Changara",439.64
"2003","DJF","Changara",454.63
"2004","DJF","Changara",494.22
"2005","DJF","Changara",498.92
"2006","DJF","Changara",578.65
"2007","DJF","Changara",593.95
"2008","DJF","Changara",579.25
"2009","DJF","Changara",483.53
"2010","DJF","Changara",638.45
"2011","DJF","Changara",520.05
"2012","DJF","Changara",497.41
"2013","DJF","Changara",506.9
"2014","DJF","Changara",582.08
"2015","DJF","Changara",657.97
"2016","DJF","Changara",277.1
"2017","DJF","Changara",722.8
"2018","DJF","Changara",523.97
"2019","DJF","Changara",609.84
"2020","DJF","Changara",474.34
"2021","DJF","Changara",632.63
"1981","JFM","Marara",348.75
"1982","JFM","Marara",442.12
"1983","JFM","Marara",243.51
"1984","JFM","Marara",397.25
"1985","JFM","Marara",435.64
"1986","JFM","Marara",451.44
"1987","JFM","Marara",280.69
"1988","JFM","Marara",505.1
"1989","JFM","Marara",643.48
"1990","JFM","Marara",399.77
"1991","JFM","Marara",444.32
"1992","JFM","Marara",169.25
"1993","JFM","Marara",377.47
"1994","JFM","Marara",220.79
"1995","JFM","Marara",324.32
"1996","JFM","Marara",464.38
"1997","JFM","Marara",855.92
"1998","JFM","Marara",412.86
"1999","JFM","Marara",603.47
"2000","JFM","Marara",587.77
"2001","JFM","Marara",761.06
"2002","JFM","Marara",269.22
"2003","JFM","Marara",506.94
"2004","JFM","Marara",436.07
"2005","JFM","Marara",250.09
"2006","JFM","Marara",465.73
"2007","JFM","Marara",459.78
"2008","JFM","Marara",308.82
"2009","JFM","Marara",418.97
"2010","JFM","Marara",508.21
"2011","JFM","Marara",363.12
"2012","JFM","Marara",451.45
"2013","JFM","Marara",345.95
"2014","JFM","Marara",456.2
"2015","JFM","Marara",497.14
"2016","JFM","Marara",248.65
"2017","JFM","Marara",681.29
"2018","JFM","Marara",403.16
"2019","JFM","Marara",526.61
"2020","JFM","Marara",389.85
"2021","JFM","Marara",485.56
"1981","FMA","Marara",259.08
"1982","FMA","Marara",281.93
"1983","FMA","Marara",183.8
"1984","FMA","Marara",323.2
"1985","FMA","Marara",273.99
"1986","FMA","Marara",215.98
"1987","FMA","Marara",61.97
"1988","FMA","Marara",338.78
"1989","FMA","Marara",417.77
"1990","FMA","Marara",104.15
"1991","FMA","Marara",308.25
"1992","FMA","Marara",78.15
"1993","FMA","Marara",177.14
"1994","FMA","Marara",77.26
"1995","FMA","Marara",79.64
"1996","FMA","Marara",297.07
"1997","FMA","Marara",580.12
"1998","FMA","Marara",144.23
"1999","FMA","Marara",295.74
"2000","FMA","Marara",366.31
"2001","FMA","Marara",604.08
"2002","FMA","Marara",122.7
"2003","FMA","Marara",304.12
"2004","FMA","Marara",224.03
"2005","FMA","Marara",43.4
"2006","FMA","Marara",248.92
"2007","FMA","Marara",233.8
"2008","FMA","Marara",55.34
"2009","FMA","Marara",171.86
"2010","FMA","Marara",408.83
"2011","FMA","Marara",77.62
"2012","FMA","Marara",215.72
"2013","FMA","Marara",101.85
"2014","FMA","Marara",238.39
"2015","FMA","Marara",173.58
"2016","FMA","Marara",146.05
"2017","FMA","Marara",364.43
"2018","FMA","Marara",361.45
"2019","FMA","Marara",252.04
"2020","FMA","Marara",179.14
"2021","FMA","Marara",199.65
"1981","OND","Marara",152.28
"1982","OND","Marara",152.27
"1983","OND","Marara",160.9
"1984","OND","Marara",217.1
"1985","OND","Marara",362.58
"1986","OND","Marara",212.52
"1987","OND","Marara",164
"1988","OND","Marara",129.7
"1989","OND","Marara",230.32
"1990","OND","Marara",147.48
"1991","OND","Marara",134.16
"1992","OND","Marara",214.15
"1993","OND","Marara",185.7
"1994","OND","Marara",161.59
"1995","OND","Marara",304.68
"1996","OND","Marara",245.93
"1997","OND","Marara",261.38
"1998","OND","Marara",259.5
"1999","OND","Marara",98.59
"2000","OND","Marara",251.77
"2001","OND","Marara",232.42
"2002","OND","Marara",151.97
"2003","OND","Marara",138.03
"2004","OND","Marara",329.07
"2005","OND","Marara",269.4
"2006","OND","Marara",211.49
"2007","OND","Marara",300.67
"2008","OND","Marara",129.89
"2009","OND","Marara",276.4
"2010","OND","Marara",220.23
"2011","OND","Marara",198.8
"2012","OND","Marara",173.58
"2013","OND","Marara",161.88
"2014","OND","Marara",246.64
"2015","OND","Marara",142.35
"2016","OND","Marara",232.01
"2017","OND","Marara",185.9
"2018","OND","Marara",245.26
"2019","OND","Marara",151.15
"2020","OND","Marara",246.11
"1982","NDJ","Marara",312
"1983","NDJ","Marara",201.47
"1984","NDJ","Marara",231.85
"1985","NDJ","Marara",383.41
"1986","NDJ","Marara",608.81
"1987","NDJ","Marara",412.91
"1988","NDJ","Marara",328.57
"1989","NDJ","Marara",334.78
"1990","NDJ","Marara",523.71
"1991","NDJ","Marara",297.58
"1992","NDJ","Marara",222.83
"1993","NDJ","Marara",427.61
"1994","NDJ","Marara",327.59
"1995","NDJ","Marara",389.77
"1996","NDJ","Marara",462.47
"1997","NDJ","Marara",539.89
"1998","NDJ","Marara",517.75
"1999","NDJ","Marara",576.43
"2000","NDJ","Marara",324.73
"2001","NDJ","Marara",400.38
"2002","NDJ","Marara",378.4
"2003","NDJ","Marara",352.2
"2004","NDJ","Marara",354.61
"2005","NDJ","Marara",528.48
"2006","NDJ","Marara",488.28
"2007","NDJ","Marara",455.27
"2008","NDJ","Marara",552.35
"2009","NDJ","Marara",382.98
"2010","NDJ","Marara",384.15
"2011","NDJ","Marara",522.85
"2012","NDJ","Marara",446.24
"2013","NDJ","Marara",426.32
"2014","NDJ","Marara",380.03
"2015","NDJ","Marara",577.34
"2016","NDJ","Marara",250.3
"2017","NDJ","Marara",553.77
"2018","NDJ","Marara",237.13
"2019","NDJ","Marara",527.68
"2020","NDJ","Marara",362.42
"2021","NDJ","Marara",530.15
"1982","DJF","Marara",533.39
"1983","DJF","Marara",295.06
"1984","DJF","Marara",427.25
"1985","DJF","Marara",487.45
"1986","DJF","Marara",661.58
"1987","DJF","Marara",390.88
"1988","DJF","Marara",502.28
"1989","DJF","Marara",590.43
"1990","DJF","Marara",547.68
"1991","DJF","Marara",490.57
"1992","DJF","Marara",170.28
"1993","DJF","Marara",496.64
"1994","DJF","Marara",289.11
"1995","DJF","Marara",436.99
"1996","DJF","Marara",680.34
"1997","DJF","Marara",965.33
"1998","DJF","Marara",528.88
"1999","DJF","Marara",757.95
"2000","DJF","Marara",533.23
"2001","DJF","Marara",694.51
"2002","DJF","Marara",396.71
"2003","DJF","Marara",473.35
"2004","DJF","Marara",476.47
"2005","DJF","Marara",487.3
"2006","DJF","Marara",572.19
"2007","DJF","Marara",539.89
"2008","DJF","Marara",514.87
"2009","DJF","Marara",451.44
"2010","DJF","Marara",712.81
"2011","DJF","Marara",496.61
"2012","DJF","Marara",515.06
"2013","DJF","Marara",477.52
"2014","DJF","Marara",550.76
"2015","DJF","Marara",697.52
"2016","DJF","Marara",274.75
"2017","DJF","Marara",735.01
"2018","DJF","Marara",454.6
"2019","DJF","Marara",618.36
"2020","DJF","Marara",454.87
"2021","DJF","Marara",622.56
"1981","JFM","Macossa",450.26
"1982","JFM","Macossa",503.28
"1983","JFM","Macossa",307.02
"1984","JFM","Macossa",437.04
"1985","JFM","Macossa",660.06
"1986","JFM","Macossa",564.18
"1987","JFM","Macossa",316.88
"1988","JFM","Macossa",642.8
"1989","JFM","Macossa",583.16
"1990","JFM","Macossa",503.05
"1991","JFM","Macossa",359.23
"1992","JFM","Macossa",196.96
"1993","JFM","Macossa",475.84
"1994","JFM","Macossa",394.44
"1995","JFM","Macossa",277.19
"1996","JFM","Macossa",569.52
"1997","JFM","Macossa",958.67
"1998","JFM","Macossa",546.9
"1999","JFM","Macossa",707.58
"2000","JFM","Macossa",689.62
"2001","JFM","Macossa",894.65
"2002","JFM","Macossa",269.45
"2003","JFM","Macossa",465.04
"2004","JFM","Macossa",584.66
"2005","JFM","Macossa",288.68
"2006","JFM","Macossa",489.51
"2007","JFM","Macossa",531.49
"2008","JFM","Macossa",470.65
"2009","JFM","Macossa",491.42
"2010","JFM","Macossa",350.37
"2011","JFM","Macossa",555.5
"2012","JFM","Macossa",402.81
"2013","JFM","Macossa",448.35
"2014","JFM","Macossa",503
"2015","JFM","Macossa",324.76
"2016","JFM","Macossa",298.13
"2017","JFM","Macossa",660.27
"2018","JFM","Macossa",493.76
"2019","JFM","Macossa",724.08
"2020","JFM","Macossa",459.61
"2021","JFM","Macossa",596.5
"1981","FMA","Macossa",351.01
"1982","FMA","Macossa",318.19
"1983","FMA","Macossa",250.73
"1984","FMA","Macossa",360.25
"1985","FMA","Macossa",373.33
"1986","FMA","Macossa",263.65
"1987","FMA","Macossa",124.32
"1988","FMA","Macossa",475.52
"1989","FMA","Macossa",404.85
"1990","FMA","Macossa",260.1
"1991","FMA","Macossa",283.69
"1992","FMA","Macossa",123.61
"1993","FMA","Macossa",271.83
"1994","FMA","Macossa",178.69
"1995","FMA","Macossa",109.63
"1996","FMA","Macossa",273.14
"1997","FMA","Macossa",576.18
"1998","FMA","Macossa",231.41
"1999","FMA","Macossa",372.85
"2000","FMA","Macossa",458.69
"2001","FMA","Macossa",672.34
"2002","FMA","Macossa",191.24
"2003","FMA","Macossa",328.07
"2004","FMA","Macossa",397.39
"2005","FMA","Macossa",119.73
"2006","FMA","Macossa",295.14
"2007","FMA","Macossa",255.33
"2008","FMA","Macossa",148.2
"2009","FMA","Macossa",255.18
"2010","FMA","Macossa",288.95
"2011","FMA","Macossa",147.3
"2012","FMA","Macossa",249.83
"2013","FMA","Macossa",200.32
"2014","FMA","Macossa",272.03
"2015","FMA","Macossa",222.93
"2016","FMA","Macossa",224.62
"2017","FMA","Macossa",333.81
"2018","FMA","Macossa",482.96
"2019","FMA","Macossa",288.35
"2020","FMA","Macossa",277.34
"2021","FMA","Macossa",245.75
"1981","OND","Macossa",272.14
"1982","OND","Macossa",229.86
"1983","OND","Macossa",174.37
"1984","OND","Macossa",314.7
"1985","OND","Macossa",415.18
"1986","OND","Macossa",266.04
"1987","OND","Macossa",292.77
"1988","OND","Macossa",278.79
"1989","OND","Macossa",430.43
"1990","OND","Macossa",198.63
"1991","OND","Macossa",171.16
"1992","OND","Macossa",248.69
"1993","OND","Macossa",272.31
"1994","OND","Macossa",322.68
"1995","OND","Macossa",305.46
"1996","OND","Macossa",198.96
"1997","OND","Macossa",312.67
"1998","OND","Macossa",403.42
"1999","OND","Macossa",201.35
"2000","OND","Macossa",264.52
"2001","OND","Macossa",431.63
"2002","OND","Macossa",200.43
"2003","OND","Macossa",193
"2004","OND","Macossa",355.49
"2005","OND","Macossa",395.82
"2006","OND","Macossa",199.14
"2007","OND","Macossa",538.42
"2008","OND","Macossa",372.7
"2009","OND","Macossa",291.34
"2010","OND","Macossa",254.2
"2011","OND","Macossa",259.24
"2012","OND","Macossa",242.7
"2013","OND","Macossa",244.68
"2014","OND","Macossa",333.97
"2015","OND","Macossa",155.26
"2016","OND","Macossa",332.47
"2017","OND","Macossa",240.41
"2018","OND","Macossa",243.23
"2019","OND","Macossa",184.55
"2020","OND","Macossa",338.5
"1982","NDJ","Macossa",448.19
"1983","NDJ","Macossa",262.95
"1984","NDJ","Macossa",247.61
"1985","NDJ","Macossa",609.05
"1986","NDJ","Macossa",707.26
"1987","NDJ","Macossa",431.07
"1988","NDJ","Macossa",475.83
"1989","NDJ","Macossa",412.78
"1990","NDJ","Macossa",670.36
"1991","NDJ","Macossa",278.15
"1992","NDJ","Macossa",250.34
"1993","NDJ","Macossa",468.32
"1994","NDJ","Macossa",494.1
"1995","NDJ","Macossa",456.53
"1996","NDJ","Macossa",599.62
"1997","NDJ","Macossa",637.44
"1998","NDJ","Macossa",600.45
"1999","NDJ","Macossa",731.95
"2000","NDJ","Macossa",440.77
"2001","NDJ","Macossa",481.87
"2002","NDJ","Macossa",537.59
"2003","NDJ","Macossa",312.57
"2004","NDJ","Macossa",385.44
"2005","NDJ","Macossa",506.16
"2006","NDJ","Macossa",594.84
"2007","NDJ","Macossa",467.98
"2008","NDJ","Macossa",855.13
"2009","NDJ","Macossa",614.43
"2010","NDJ","Macossa",372.42
"2011","NDJ","Macossa",684.43
"2012","NDJ","Macossa",415.66
"2013","NDJ","Macossa",486.9
"2014","NDJ","Macossa",486.15
"2015","NDJ","Macossa",437.95
"2016","NDJ","Macossa",262.47
"2017","NDJ","Macossa",661.13
"2018","NDJ","Macossa",272.22
"2019","NDJ","Macossa",690.27
"2020","NDJ","Macossa",389.4
"2021","NDJ","Macossa",674.05
"1982","DJF","Macossa",594.16
"1983","DJF","Macossa",338.11
"1984","DJF","Macossa",380.42
"1985","DJF","Macossa",705.38
"1986","DJF","Macossa",771.18
"1987","DJF","Macossa",420.9
"1988","DJF","Macossa",635.24
"1989","DJF","Macossa",634.16
"1990","DJF","Macossa",724.48
"1991","DJF","Macossa",368.88
"1992","DJF","Macossa",159.82
"1993","DJF","Macossa",578.06
"1994","DJF","Macossa",474.77
"1995","DJF","Macossa",476.22
"1996","DJF","Macossa",746.69
"1997","DJF","Macossa",954.74
"1998","DJF","Macossa",604.63
"1999","DJF","Macossa",869.95
"2000","DJF","Macossa",620.9
"2001","DJF","Macossa",730.93
"2002","DJF","Macossa",473.37
"2003","DJF","Macossa",361.62
"2004","DJF","Macossa",493.57
"2005","DJF","Macossa",473.47
"2006","DJF","Macossa",628.96
"2007","DJF","Macossa",579.44
"2008","DJF","Macossa",767.77
"2009","DJF","Macossa",678.2
"2010","DJF","Macossa",485.11
"2011","DJF","Macossa",648.63
"2012","DJF","Macossa",451.23
"2013","DJF","Macossa",571.4
"2014","DJF","Macossa",609.4
"2015","DJF","Macossa",559.63
"2016","DJF","Macossa",289.11
"2017","DJF","Macossa",739.84
"2018","DJF","Macossa",558.86
"2019","DJF","Macossa",694.38
"2020","DJF","Macossa",526.08
"2021","DJF","Macossa",790.9
"1981","JFM","Tambara",354.9
"1982","JFM","Tambara",486.01
"1983","JFM","Tambara",268.1
"1984","JFM","Tambara",407.9
"1985","JFM","Tambara",500.18
"1986","JFM","Tambara",560.87
"1987","JFM","Tambara",276.13
"1988","JFM","Tambara",547.95
"1989","JFM","Tambara",623.53
"1990","JFM","Tambara",372.98
"1991","JFM","Tambara",415.6
"1992","JFM","Tambara",169.19
"1993","JFM","Tambara",532.57
"1994","JFM","Tambara",293.47
"1995","JFM","Tambara",339.22
"1996","JFM","Tambara",467.66
"1997","JFM","Tambara",851.79
"1998","JFM","Tambara",470.21
"1999","JFM","Tambara",777.11
"2000","JFM","Tambara",607.6
"2001","JFM","Tambara",814.2
"2002","JFM","Tambara",336.27
"2003","JFM","Tambara",491.18
"2004","JFM","Tambara",445.35
"2005","JFM","Tambara",231.64
"2006","JFM","Tambara",490.07
"2007","JFM","Tambara",545.1
"2008","JFM","Tambara",352
"2009","JFM","Tambara",420.25
"2010","JFM","Tambara",393.04
"2011","JFM","Tambara",433.53
"2012","JFM","Tambara",450.79
"2013","JFM","Tambara",406.06
"2014","JFM","Tambara",449.99
"2015","JFM","Tambara",361.47
"2016","JFM","Tambara",249.18
"2017","JFM","Tambara",686.75
"2018","JFM","Tambara",481.92
"2019","JFM","Tambara",655.29
"2020","JFM","Tambara",501.84
"2021","JFM","Tambara",442.52
"1981","FMA","Tambara",251.74
"1982","FMA","Tambara",304.78
"1983","FMA","Tambara",210.53
"1984","FMA","Tambara",348.21
"1985","FMA","Tambara",305.88
"1986","FMA","Tambara",325.5
"1987","FMA","Tambara",81.66
"1988","FMA","Tambara",390.97
"1989","FMA","Tambara",446.31
"1990","FMA","Tambara",149.96
"1991","FMA","Tambara",304.55
"1992","FMA","Tambara",101.17
"1993","FMA","Tambara",283.31
"1994","FMA","Tambara",118.49
"1995","FMA","Tambara",100.83
"1996","FMA","Tambara",283.54
"1997","FMA","Tambara",572.66
"1998","FMA","Tambara",171.15
"1999","FMA","Tambara",371.84
"2000","FMA","Tambara",384
"2001","FMA","Tambara",609.51
"2002","FMA","Tambara",206.43
"2003","FMA","Tambara",272.05
"2004","FMA","Tambara",289.48
"2005","FMA","Tambara",64.11
"2006","FMA","Tambara",296.36
"2007","FMA","Tambara",251.92
"2008","FMA","Tambara",92.89
"2009","FMA","Tambara",199.55
"2010","FMA","Tambara",314.83
"2011","FMA","Tambara",136.88
"2012","FMA","Tambara",219.26
"2013","FMA","Tambara",181.2
"2014","FMA","Tambara",213.07
"2015","FMA","Tambara",184.6
"2016","FMA","Tambara",163.04
"2017","FMA","Tambara",386.24
"2018","FMA","Tambara",474.33
"2019","FMA","Tambara",327.3
"2020","FMA","Tambara",253.88
"2021","FMA","Tambara",186.49
"1981","OND","Tambara",188.28
"1982","OND","Tambara",208.84
"1983","OND","Tambara",220.58
"1984","OND","Tambara",291.76
"1985","OND","Tambara",380.98
"1986","OND","Tambara",214.58
"1987","OND","Tambara",213.39
"1988","OND","Tambara",179.74
"1989","OND","Tambara",270.32
"1990","OND","Tambara",125.11
"1991","OND","Tambara",119.8
"1992","OND","Tambara",228.76
"1993","OND","Tambara",175.96
"1994","OND","Tambara",202.53
"1995","OND","Tambara",321.15
"1996","OND","Tambara",237.63
"1997","OND","Tambara",303.26
"1998","OND","Tambara",386.99
"1999","OND","Tambara",152.81
"2000","OND","Tambara",247.37
"2001","OND","Tambara",392.59
"2002","OND","Tambara",151.85
"2003","OND","Tambara",127.46
"2004","OND","Tambara",368.4
"2005","OND","Tambara",364.3
"2006","OND","Tambara",256.68
"2007","OND","Tambara",343.22
"2008","OND","Tambara",153.39
"2009","OND","Tambara",243.32
"2010","OND","Tambara",256.73
"2011","OND","Tambara",215.17
"2012","OND","Tambara",237.25
"2013","OND","Tambara",209.4
"2014","OND","Tambara",301.93
"2015","OND","Tambara",168.14
"2016","OND","Tambara",340.76
"2017","OND","Tambara",242.02
"2018","OND","Tambara",245.63
"2019","OND","Tambara",162.93
"2020","OND","Tambara",237.91
"1982","NDJ","Tambara",371.67
"1983","NDJ","Tambara",221.16
"1984","NDJ","Tambara",277.43
"1985","NDJ","Tambara",512.08
"1986","NDJ","Tambara",606.46
"1987","NDJ","Tambara",388.4
"1988","NDJ","Tambara",375.43
"1989","NDJ","Tambara",341.24
"1990","NDJ","Tambara",497.33
"1991","NDJ","Tambara",248.46
"1992","NDJ","Tambara",196.41
"1993","NDJ","Tambara",498.24
"1994","NDJ","Tambara",352.86
"1995","NDJ","Tambara",421.72
"1996","NDJ","Tambara",507.34
"1997","NDJ","Tambara",546.41
"1998","NDJ","Tambara",590.89
"1999","NDJ","Tambara",798.41
"2000","NDJ","Tambara",382.16
"2001","NDJ","Tambara",445.51
"2002","NDJ","Tambara",539.89
"2003","NDJ","Tambara",371.19
"2004","NDJ","Tambara",303.07
"2005","NDJ","Tambara",530.69
"2006","NDJ","Tambara",568.87
"2007","NDJ","Tambara",552.79
"2008","NDJ","Tambara",599.32
"2009","NDJ","Tambara",378.65
"2010","NDJ","Tambara",335.9
"2011","NDJ","Tambara",578.2
"2012","NDJ","Tambara",450.57
"2013","NDJ","Tambara",462.64
"2014","NDJ","Tambara",444.64
"2015","NDJ","Tambara",480.95
"2016","NDJ","Tambara",265.04
"2017","NDJ","Tambara",646.4
"2018","NDJ","Tambara",271.1
"2019","NDJ","Tambara",585.19
"2020","NDJ","Tambara",423.23
"2021","NDJ","Tambara",496.92
"1982","DJF","Tambara",558.21
"1983","DJF","Tambara",320.63
"1984","DJF","Tambara",487.58
"1985","DJF","Tambara",583.66
"1986","DJF","Tambara",772.53
"1987","DJF","Tambara",385.69
"1988","DJF","Tambara",541.88
"1989","DJF","Tambara",584.45
"1990","DJF","Tambara",499.09
"1991","DJF","Tambara",401.3
"1992","DJF","Tambara",145.54
"1993","DJF","Tambara",652.75
"1994","DJF","Tambara",333.21
"1995","DJF","Tambara",473.25
"1996","DJF","Tambara",689.43
"1997","DJF","Tambara",928.98
"1998","DJF","Tambara",617.25
"1999","DJF","Tambara",998.23
"2000","DJF","Tambara",568.58
"2001","DJF","Tambara",724.13
"2002","DJF","Tambara",568.8
"2003","DJF","Tambara",487.78
"2004","DJF","Tambara",449.97
"2005","DJF","Tambara",474.53
"2006","DJF","Tambara",661.14
"2007","DJF","Tambara",654.07
"2008","DJF","Tambara",554.21
"2009","DJF","Tambara",443.92
"2010","DJF","Tambara",560.14
"2011","DJF","Tambara",554.65
"2012","DJF","Tambara",496.9
"2013","DJF","Tambara",570.17
"2014","DJF","Tambara",566.28
"2015","DJF","Tambara",587.93
"2016","DJF","Tambara",303.43
"2017","DJF","Tambara",832.48
"2018","DJF","Tambara",574.11
"2019","DJF","Tambara",670.15
"2020","DJF","Tambara",576.38
"2021","DJF","Tambara",587.23
